{
  "experiment_dir": "/Users/andrew/Development/antfarm/experiments/experiment-4",
  "metrics": {
    "delivered_food": 71.0,
    "delivered_food_per_day": 1.6511627906976745,
    "final_day": 43.0,
    "final_tick": 4270.0,
    "found_food": 77.0,
    "selected_move_count": 31485.0,
    "simulation_length": 2586.0,
    "steps_to_nth_food": {
      "1": 105.60714285714286,
      "2": 64.0,
      "3": 43.75,
      "4": 48.6,
      "5": 66.8,
      "6": 27.0,
      "7": 32.0
    },
    "steps_to_nth_queen": {
      "1": 55.25925925925926,
      "2": 34.8125,
      "3": 36.583333333333336,
      "4": 28.11111111111111,
      "5": 133.0,
      "6": 23.0
    }
  },
  "run_dir": "/Users/andrew/Development/antfarm/experiments/experiment-4/outward-bias-v1/runs/run-1777128332446"
}
