{
  "experiment_dir": "/Users/andrew/Development/antfarm/experiments/experiment-4",
  "metrics": {
    "delivered_food": 52.0,
    "delivered_food_per_day": 1.4857142857142858,
    "final_day": 35.0,
    "final_tick": 3497.0,
    "found_food": 53.0,
    "selected_move_count": 24911.0,
    "simulation_length": 1813.0,
    "steps_to_nth_food": {
      "1": 92.56521739130434,
      "2": 80.35714285714286,
      "3": 68.55555555555556,
      "4": 37.666666666666664,
      "5": 67.0
    },
    "steps_to_nth_queen": {
      "1": 73.95652173913044,
      "2": 51.23076923076923,
      "3": 54.888888888888886,
      "4": 38.666666666666664,
      "5": 21.0
    }
  },
  "run_dir": "/Users/andrew/Development/antfarm/experiments/experiment-4/outward-bias-v1/runs/run-1777128312295"
}
