{
  "experiment_dir": "/Users/andrew/Development/antfarm/experiments/experiment-6",
  "metrics": {
    "delivered_food": 1672.0,
    "delivered_food_per_day": 20.9,
    "final_day": 80.0,
    "final_tick": 7900.0,
    "found_food": 1715.0,
    "selected_move_count": 166064.0,
    "simulation_length": 6216.0,
    "steps_to_nth_food": {
      "1": 110.3578947368421,
      "10": 38.14035087719298,
      "11": 41.017857142857146,
      "12": 40.85454545454545,
      "13": 49.77777777777778,
      "14": 43.2,
      "15": 37.6530612244898,
      "16": 43.083333333333336,
      "17": 50.95744680851064,
      "18": 48.82608695652174,
      "19": 46.46511627906977,
      "2": 41.46511627906977,
      "20": 57.48837209302326,
      "21": 53.743589743589745,
      "22": 45.94444444444444,
      "23": 41.705882352941174,
      "24": 50.9375,
      "25": 45.03333333333333,
      "26": 43.592592592592595,
      "27": 41.84,
      "28": 41.63636363636363,
      "29": 46.142857142857146,
      "3": 41.46341463414634,
      "30": 44.95,
      "31": 47.6,
      "32": 30.941176470588236,
      "33": 42.266666666666666,
      "34": 33.06666666666667,
      "35": 38.416666666666664,
      "36": 40.75,
      "37": 37.5,
      "38": 44.0,
      "39": 47.0,
      "4": 51.38461538461539,
      "40": 43.888888888888886,
      "41": 37.125,
      "42": 34.142857142857146,
      "43": 43.714285714285715,
      "44": 42.5,
      "45": 42.5,
      "46": 57.666666666666664,
      "47": 48.0,
      "48": 48.0,
      "49": 37.2,
      "5": 38.273972602739725,
      "50": 27.5,
      "51": 37.0,
      "52": 24.5,
      "53": 45.0,
      "54": 33.5,
      "55": 39.0,
      "56": 39.5,
      "57": 41.0,
      "58": 12.0,
      "59": 28.0,
      "6": 42.385714285714286,
      "60": 44.0,
      "61": 55.0,
      "62": 36.0,
      "7": 40.353846153846156,
      "8": 45.77777777777778,
      "9": 43.20338983050848
    },
    "steps_to_nth_queen": {
      "1": 31.698924731182796,
      "10": 35.14035087719298,
      "11": 36.8,
      "12": 37.48148148148148,
      "13": 38.32692307692308,
      "14": 37.97959183673469,
      "15": 34.8125,
      "16": 36.234042553191486,
      "17": 38.744680851063826,
      "18": 37.34090909090909,
      "19": 40.69767441860465,
      "2": 30.785714285714285,
      "20": 41.717948717948715,
      "21": 40.58974358974359,
      "22": 37.57142857142857,
      "23": 38.46875,
      "24": 43.36666666666667,
      "25": 39.714285714285715,
      "26": 40.7037037037037,
      "27": 39.333333333333336,
      "28": 38.476190476190474,
      "29": 40.25,
      "3": 28.02469135802469,
      "30": 44.05,
      "31": 40.1578947368421,
      "32": 29.529411764705884,
      "33": 40.4,
      "34": 40.92307692307692,
      "35": 39.666666666666664,
      "36": 38.75,
      "37": 37.81818181818182,
      "38": 43.9,
      "39": 47.0,
      "4": 39.8051948051948,
      "40": 41.666666666666664,
      "41": 38.875,
      "42": 33.857142857142854,
      "43": 36.833333333333336,
      "44": 37.333333333333336,
      "45": 44.166666666666664,
      "46": 54.2,
      "47": 48.8,
      "48": 44.4,
      "49": 34.8,
      "5": 35.30555555555556,
      "50": 30.25,
      "51": 37.5,
      "52": 21.5,
      "53": 46.0,
      "54": 34.5,
      "55": 40.0,
      "56": 9.0,
      "57": 31.0,
      "58": 10.0,
      "59": 30.0,
      "6": 37.608695652173914,
      "60": 42.0,
      "61": 33.0,
      "62": 36.0,
      "7": 30.753846153846155,
      "8": 36.86666666666667,
      "9": 39.0
    }
  },
  "run_dir": "/Users/andrew/Development/antfarm/experiments/experiment-6/outward-bias-v1/runs/run-1777301926889"
}
