{
  "experiment_dir": "/Users/andrew/Development/antfarm/experiments/experiment-6",
  "metrics": {
    "delivered_food": 1212.0,
    "delivered_food_per_day": 15.15,
    "final_day": 80.0,
    "final_tick": 7900.0,
    "found_food": 1231.0,
    "selected_move_count": 139680.0,
    "simulation_length": 6216.0,
    "steps_to_nth_food": {
      "1": 121.72641509433963,
      "10": 48.354166666666664,
      "11": 47.54545454545455,
      "12": 42.07142857142857,
      "13": 43.4390243902439,
      "14": 44.67567567567568,
      "15": 34.61764705882353,
      "16": 54.06896551724138,
      "17": 50.5,
      "18": 49.26086956521739,
      "19": 61.17391304347826,
      "2": 56.875,
      "20": 70.95,
      "21": 33.8,
      "22": 78.85714285714286,
      "23": 35.0,
      "24": 33.25,
      "25": 35.45454545454545,
      "26": 68.18181818181819,
      "27": 35.0,
      "28": 39.72727272727273,
      "29": 45.111111111111114,
      "3": 43.7093023255814,
      "30": 36.125,
      "31": 34.57142857142857,
      "32": 38.42857142857143,
      "33": 41.857142857142854,
      "34": 30.0,
      "35": 31.166666666666668,
      "36": 54.166666666666664,
      "37": 30.5,
      "38": 34.4,
      "39": 28.5,
      "4": 35.20779220779221,
      "40": 37.75,
      "41": 36.25,
      "42": 42.0,
      "43": 23.0,
      "44": 32.333333333333336,
      "45": 26.666666666666668,
      "46": 24.5,
      "47": 32.0,
      "48": 40.0,
      "49": 40.0,
      "5": 44.6764705882353,
      "50": 22.0,
      "51": 46.0,
      "52": 36.0,
      "53": 34.0,
      "54": 32.0,
      "55": 46.0,
      "56": 50.0,
      "57": 45.0,
      "58": 36.0,
      "59": 44.0,
      "6": 39.507936507936506,
      "60": 14.0,
      "61": 19.0,
      "62": 22.0,
      "63": 32.0,
      "7": 32.910714285714285,
      "8": 39.2037037037037,
      "9": 31.019607843137255
    },
    "steps_to_nth_queen": {
      "1": 31.547169811320753,
      "10": 30.02127659574468,
      "11": 30.59090909090909,
      "12": 26.476190476190474,
      "13": 29.5,
      "14": 26.583333333333332,
      "15": 25.264705882352942,
      "16": 48.857142857142854,
      "17": 28.192307692307693,
      "18": 34.26086956521739,
      "19": 33.36363636363637,
      "2": 28.57608695652174,
      "20": 35.529411764705884,
      "21": 29.4,
      "22": 28.307692307692307,
      "23": 28.583333333333332,
      "24": 33.416666666666664,
      "25": 29.181818181818183,
      "26": 32.09090909090909,
      "27": 34.63636363636363,
      "28": 35.81818181818182,
      "29": 35.55555555555556,
      "3": 31.352941176470587,
      "30": 34.875,
      "31": 30.285714285714285,
      "32": 37.57142857142857,
      "33": 33.0,
      "34": 29.333333333333332,
      "35": 28.666666666666668,
      "36": 46.166666666666664,
      "37": 27.833333333333332,
      "38": 33.6,
      "39": 33.25,
      "4": 29.986842105263158,
      "40": 29.75,
      "41": 29.333333333333332,
      "42": 38.0,
      "43": 17.666666666666668,
      "44": 31.0,
      "45": 28.666666666666668,
      "46": 25.5,
      "47": 38.0,
      "48": 39.0,
      "49": 34.0,
      "5": 35.62686567164179,
      "50": 18.0,
      "51": 42.0,
      "52": 22.0,
      "53": 32.0,
      "54": 24.0,
      "55": 44.0,
      "56": 44.0,
      "57": 43.0,
      "58": 54.0,
      "59": 36.0,
      "6": 30.887096774193548,
      "60": 16.0,
      "61": 17.0,
      "62": 18.0,
      "7": 27.732142857142858,
      "8": 27.30188679245283,
      "9": 32.294117647058826
    }
  },
  "run_dir": "/Users/andrew/Development/antfarm/experiments/experiment-6/outward-bias-v1/runs/run-1777304565174"
}
