{
  "experiment_dir": "/Users/andrew/Development/antfarm/experiments/experiment-5",
  "metrics": {
    "delivered_food": 23.0,
    "delivered_food_per_day": 0.6764705882352942,
    "final_day": 34.0,
    "final_tick": 3307.0,
    "found_food": 23.0,
    "selected_move_count": 13483.0,
    "simulation_length": 1623.0,
    "steps_to_nth_food": {
      "1": 115.4,
      "10": 20.0,
      "11": 21.0,
      "12": 22.0,
      "2": 20.4,
      "3": 45.333333333333336,
      "4": 26.5,
      "5": 12.0,
      "6": 13.0,
      "7": 13.0,
      "8": 18.0,
      "9": 20.0
    },
    "steps_to_nth_queen": {
      "1": 20.8,
      "10": 22.0,
      "11": 23.0,
      "12": 24.0,
      "2": 21.8,
      "3": 20.666666666666668,
      "4": 21.0,
      "5": 14.0,
      "6": 15.0,
      "7": 15.0,
      "8": 23.0,
      "9": 21.0
    }
  },
  "run_dir": "/Users/andrew/Development/antfarm/experiments/experiment-5/outward-bias-with-local-field-v1/runs/run-1777222157828"
}
