{
  "experiment_dir": "/Users/andrew/Development/antfarm/experiments/experiment-4",
  "metrics": {
    "delivered_food": 60.0,
    "delivered_food_per_day": 1.6666666666666667,
    "final_day": 36.0,
    "final_tick": 3584.0,
    "found_food": 61.0,
    "selected_move_count": 26289.0,
    "simulation_length": 1900.0,
    "steps_to_nth_food": {
      "1": 119.85,
      "10": 78.0,
      "2": 70.33333333333333,
      "3": 45.27272727272727,
      "4": 83.71428571428571,
      "5": 60.5,
      "6": 57.0,
      "7": 20.0,
      "8": 10.0,
      "9": 10.0
    },
    "steps_to_nth_queen": {
      "1": 69.65,
      "10": 78.0,
      "2": 55.07142857142857,
      "3": 38.36363636363637,
      "4": 50.0,
      "5": 44.0,
      "6": 22.5,
      "7": 16.0,
      "8": 10.0,
      "9": 15.0
    }
  },
  "run_dir": "/Users/andrew/Development/antfarm/experiments/experiment-4/outward-bias-v1/runs/run-1777128768094"
}
