{
  "experiment_dir": "/Users/andrew/Development/antfarm/experiments/experiment-6",
  "metrics": {
    "delivered_food": 1900.0,
    "delivered_food_per_day": 23.75,
    "final_day": 80.0,
    "final_tick": 7900.0,
    "found_food": 1922.0,
    "selected_move_count": 187512.0,
    "simulation_length": 6216.0,
    "steps_to_nth_food": {
      "1": 75.75581395348837,
      "10": 43.130434782608695,
      "11": 37.111111111111114,
      "12": 43.54237288135593,
      "13": 41.01754385964912,
      "14": 36.535714285714285,
      "15": 43.72222222222222,
      "16": 41.55769230769231,
      "17": 41.354166666666664,
      "18": 43.5,
      "19": 44.81395348837209,
      "2": 37.57142857142857,
      "20": 41.12820512820513,
      "21": 47.05555555555556,
      "22": 43.6764705882353,
      "23": 34.9375,
      "24": 41.6,
      "25": 36.629629629629626,
      "26": 47.61538461538461,
      "27": 31.84,
      "28": 46.333333333333336,
      "29": 46.083333333333336,
      "3": 37.45679012345679,
      "30": 40.82608695652174,
      "31": 40.21739130434783,
      "32": 37.40909090909091,
      "33": 48.77272727272727,
      "34": 44.95,
      "35": 40.473684210526315,
      "36": 44.68421052631579,
      "37": 42.89473684210526,
      "38": 46.68421052631579,
      "39": 50.78947368421053,
      "4": 50.08974358974359,
      "40": 60.5,
      "41": 51.529411764705884,
      "42": 43.0,
      "43": 41.785714285714285,
      "44": 48.285714285714285,
      "45": 43.22222222222222,
      "46": 38.875,
      "47": 42.625,
      "48": 39.0,
      "49": 42.75,
      "5": 46.24,
      "50": 38.75,
      "51": 42.0,
      "52": 39.6,
      "53": 30.2,
      "54": 41.4,
      "55": 37.0,
      "56": 34.0,
      "57": 29.0,
      "58": 28.666666666666668,
      "59": 23.0,
      "6": 44.9041095890411,
      "60": 51.5,
      "61": 18.5,
      "62": 42.5,
      "63": 8.0,
      "64": 67.0,
      "65": 51.0,
      "66": 75.0,
      "67": 68.0,
      "68": 24.0,
      "69": 4.0,
      "7": 38.958333333333336,
      "70": 46.0,
      "71": 24.0,
      "72": 67.0,
      "73": 75.0,
      "74": 65.0,
      "8": 43.083333333333336,
      "9": 42.070422535211264
    },
    "steps_to_nth_queen": {
      "1": 27.11627906976744,
      "10": 36.47826086956522,
      "11": 30.774193548387096,
      "12": 33.50877192982456,
      "13": 34.21052631578947,
      "14": 37.945454545454545,
      "15": 35.425925925925924,
      "16": 35.26,
      "17": 34.875,
      "18": 38.80434782608695,
      "19": 44.42857142857143,
      "2": 33.27160493827161,
      "20": 33.24324324324324,
      "21": 37.416666666666664,
      "22": 36.294117647058826,
      "23": 33.40625,
      "24": 37.766666666666666,
      "25": 37.96296296296296,
      "26": 40.15384615384615,
      "27": 28.916666666666668,
      "28": 42.583333333333336,
      "29": 38.95652173913044,
      "3": 28.525,
      "30": 37.52173913043478,
      "31": 32.91304347826087,
      "32": 33.68181818181818,
      "33": 38.19047619047619,
      "34": 39.2,
      "35": 32.26315789473684,
      "36": 40.473684210526315,
      "37": 38.68421052631579,
      "38": 31.473684210526315,
      "39": 42.31578947368421,
      "4": 35.311688311688314,
      "40": 35.5,
      "41": 45.0,
      "42": 38.13333333333333,
      "43": 40.57142857142857,
      "44": 39.0,
      "45": 39.0,
      "46": 31.375,
      "47": 73.875,
      "48": 36.625,
      "49": 36.5,
      "5": 34.21333333333333,
      "50": 34.75,
      "51": 37.8,
      "52": 36.4,
      "53": 29.8,
      "54": 39.0,
      "55": 33.5,
      "56": 33.0,
      "57": 24.333333333333332,
      "58": 20.0,
      "59": 12.0,
      "6": 31.0,
      "60": 44.5,
      "61": 14.5,
      "62": 37.5,
      "63": 10.0,
      "64": 74.0,
      "65": 53.0,
      "66": 71.0,
      "67": 78.0,
      "68": 18.0,
      "69": 4.0,
      "7": 32.97222222222222,
      "70": 41.0,
      "71": 14.0,
      "72": 65.0,
      "73": 77.0,
      "74": 69.0,
      "8": 34.2112676056338,
      "9": 37.95774647887324
    }
  },
  "run_dir": "/Users/andrew/Development/antfarm/experiments/experiment-6/outward-bias-v1/runs/run-1777303735904"
}
