{
  "experiment_dir": "/Users/andrew/Development/antfarm/experiments/experiment-4",
  "metrics": {
    "delivered_food": 67.0,
    "delivered_food_per_day": 1.8108108108108107,
    "final_day": 37.0,
    "final_tick": 3632.0,
    "found_food": 76.0,
    "selected_move_count": 27619.0,
    "simulation_length": 1948.0,
    "steps_to_nth_food": {
      "1": 103.45454545454545,
      "10": 35.0,
      "11": 41.0,
      "12": 21.0,
      "13": 52.0,
      "2": 59.4,
      "3": 90.3076923076923,
      "4": 95.11111111111111,
      "5": 70.66666666666667,
      "6": 37.5,
      "7": 47.5,
      "8": 16.0,
      "9": 35.0
    },
    "steps_to_nth_queen": {
      "1": 60.111111111111114,
      "10": 23.0,
      "11": 22.0,
      "12": 19.0,
      "13": 24.0,
      "2": 48.333333333333336,
      "3": 38.27272727272727,
      "4": 47.857142857142854,
      "5": 47.2,
      "6": 20.0,
      "7": 19.0,
      "8": 17.5,
      "9": 22.0
    }
  },
  "run_dir": "/Users/andrew/Development/antfarm/experiments/experiment-4/outward-bias-v1/runs/run-1777128362957"
}
