{
  "experiment_dir": "/Users/andrew/Development/antfarm/experiments/experiment-6",
  "metrics": {
    "delivered_food": 1526.0,
    "delivered_food_per_day": 19.075,
    "final_day": 80.0,
    "final_tick": 7900.0,
    "found_food": 1573.0,
    "selected_move_count": 104111.0,
    "simulation_length": 6216.0,
    "steps_to_nth_food": {
      "1": 121.67058823529412,
      "10": 43.97959183673469,
      "11": 6.304347826086956,
      "12": 2.6222222222222222,
      "13": 35.10526315789474,
      "14": 13.027777777777779,
      "15": 2.8857142857142857,
      "16": 22.75,
      "17": 9.96774193548387,
      "18": 2.433333333333333,
      "19": 23.692307692307693,
      "2": 1.380952380952381,
      "20": 12.2,
      "21": 9.208333333333334,
      "22": 41.65217391304348,
      "23": 4.913043478260869,
      "24": 5.285714285714286,
      "25": 28.65,
      "26": 10.35,
      "27": 9.8,
      "28": 20.0,
      "29": 7.7,
      "3": 1.0595238095238095,
      "30": 8.263157894736842,
      "31": 19.789473684210527,
      "32": 8.947368421052632,
      "33": 9.777777777777779,
      "34": 23.11111111111111,
      "35": 15.470588235294118,
      "36": 2.8666666666666667,
      "37": 23.846153846153847,
      "38": 16.615384615384617,
      "39": 0.3333333333333333,
      "4": 40.285714285714285,
      "40": 15.1,
      "41": 29.555555555555557,
      "42": 3.6666666666666665,
      "43": 12.25,
      "44": 20.25,
      "45": 6.75,
      "46": 8.75,
      "47": 22.0,
      "48": 9.625,
      "49": 9.875,
      "5": 5.5675675675675675,
      "50": 22.428571428571427,
      "51": 9.142857142857142,
      "52": 4.833333333333333,
      "53": 29.666666666666668,
      "54": 3.3333333333333335,
      "55": 3.6666666666666665,
      "56": 28.4,
      "57": 3.6,
      "58": 6.0,
      "59": 27.8,
      "6": 11.19718309859155,
      "60": 2.6,
      "61": 0.0,
      "62": 30.666666666666668,
      "63": 8.0,
      "64": 0.0,
      "65": 29.666666666666668,
      "66": 0.0,
      "67": 0.0,
      "68": 52.5,
      "69": 0.0,
      "7": 24.963636363636365,
      "70": 0.0,
      "71": 87.0,
      "72": 0.0,
      "73": 0.0,
      "74": 45.0,
      "75": 0.0,
      "76": 0.0,
      "77": 47.0,
      "78": 0.0,
      "79": 0.0,
      "8": 7.314814814814815,
      "80": 56.0,
      "81": 0.0,
      "82": 0.0,
      "9": 8.48076923076923
    },
    "steps_to_nth_queen": {
      "1": 36.32941176470588,
      "10": 29.5,
      "11": 32.21052631578947,
      "12": 30.88235294117647,
      "13": 29.692307692307693,
      "14": 39.0,
      "15": 32.333333333333336,
      "16": 34.125,
      "17": 36.75,
      "18": 38.0,
      "19": 91.33333333333333,
      "2": 28.986486486486488,
      "20": 49.4,
      "21": 35.333333333333336,
      "22": 35.333333333333336,
      "23": 41.0,
      "24": 40.0,
      "25": 50.5,
      "26": 50.0,
      "27": 52.0,
      "3": 29.945454545454545,
      "4": 25.869565217391305,
      "5": 29.805555555555557,
      "6": 30.848484848484848,
      "7": 26.346153846153847,
      "8": 28.695652173913043,
      "9": 30.3
    }
  },
  "run_dir": "/Users/andrew/Development/antfarm/experiments/experiment-6/outward-bias-with-local-field-v1/runs/run-1777311340200"
}
