{
  "experiment_dir": "/Users/andrew/Development/antfarm/experiments/experiment-6",
  "metrics": {
    "delivered_food": 1029.0,
    "delivered_food_per_day": 12.8625,
    "final_day": 80.0,
    "final_tick": 7900.0,
    "found_food": 1061.0,
    "selected_move_count": 127622.0,
    "simulation_length": 6216.0,
    "steps_to_nth_food": {
      "1": 118.37037037037037,
      "10": 46.07692307692308,
      "11": 45.86486486486486,
      "12": 47.666666666666664,
      "13": 44.73529411764706,
      "14": 52.851851851851855,
      "15": 51.666666666666664,
      "16": 35.69230769230769,
      "17": 74.44,
      "18": 39.52173913043478,
      "19": 38.5,
      "2": 31.78723404255319,
      "20": 31.61111111111111,
      "21": 33.333333333333336,
      "22": 34.15384615384615,
      "23": 41.833333333333336,
      "24": 50.111111111111114,
      "25": 63.5,
      "26": 39.857142857142854,
      "27": 33.0,
      "28": 32.8,
      "29": 41.6,
      "3": 40.651162790697676,
      "30": 39.5,
      "31": 32.0,
      "32": 52.0,
      "33": 60.5,
      "34": 35.0,
      "35": 24.5,
      "36": 53.5,
      "37": 60.0,
      "38": 38.0,
      "4": 37.05194805194805,
      "5": 68.88732394366197,
      "6": 45.75409836065574,
      "7": 35.625,
      "8": 37.26,
      "9": 33.888888888888886
    },
    "steps_to_nth_queen": {
      "1": 29.884615384615383,
      "10": 28.025641025641026,
      "11": 27.135135135135137,
      "12": 27.914285714285715,
      "13": 37.60606060606061,
      "14": 32.03703703703704,
      "15": 31.48148148148148,
      "16": 28.23076923076923,
      "17": 35.125,
      "18": 33.34782608695652,
      "19": 39.5,
      "2": 25.677777777777777,
      "20": 26.22222222222222,
      "21": 27.357142857142858,
      "22": 29.153846153846153,
      "23": 32.333333333333336,
      "24": 26.11111111111111,
      "25": 29.0,
      "26": 35.42857142857143,
      "27": 33.333333333333336,
      "28": 34.4,
      "29": 32.75,
      "3": 26.753086419753085,
      "30": 24.5,
      "31": 22.0,
      "32": 21.0,
      "33": 53.5,
      "34": 27.0,
      "35": 23.5,
      "36": 36.5,
      "37": 48.0,
      "4": 27.116883116883116,
      "5": 30.115942028985508,
      "6": 25.866666666666667,
      "7": 26.09090909090909,
      "8": 25.20408163265306,
      "9": 24.068181818181817
    }
  },
  "run_dir": "/Users/andrew/Development/antfarm/experiments/experiment-6/outward-bias-v1/runs/run-1777300476665"
}
