{
  "experiment_dir": "/Users/andrew/Development/antfarm/experiments/experiment-6",
  "metrics": {
    "delivered_food": 1333.0,
    "delivered_food_per_day": 16.6625,
    "final_day": 80.0,
    "final_tick": 7900.0,
    "found_food": 1384.0,
    "selected_move_count": 162111.0,
    "simulation_length": 6216.0,
    "steps_to_nth_food": {
      "1": 98.97169811320755,
      "10": 38.340425531914896,
      "11": 44.41304347826087,
      "12": 44.36585365853659,
      "13": 45.4054054054054,
      "14": 54.0,
      "15": 45.54545454545455,
      "16": 55.74193548387097,
      "17": 67.73333333333333,
      "18": 53.785714285714285,
      "19": 54.76923076923077,
      "2": 39.09278350515464,
      "20": 42.92,
      "21": 57.714285714285715,
      "22": 41.85,
      "23": 30.45,
      "24": 44.77777777777778,
      "25": 48.4375,
      "26": 33.15384615384615,
      "27": 57.666666666666664,
      "28": 42.0,
      "29": 44.54545454545455,
      "3": 47.45054945054945,
      "30": 48.7,
      "31": 55.2,
      "32": 46.2,
      "33": 42.9,
      "34": 51.77777777777778,
      "35": 50.44444444444444,
      "36": 80.33333333333333,
      "37": 38.625,
      "38": 41.25,
      "39": 32.75,
      "4": 42.23529411764706,
      "40": 51.625,
      "41": 37.125,
      "42": 59.625,
      "43": 45.142857142857146,
      "44": 78.5,
      "45": 42.5,
      "46": 99.75,
      "47": 33.333333333333336,
      "48": 19.0,
      "49": 15.0,
      "5": 46.0,
      "50": 37.0,
      "51": 19.0,
      "52": 62.0,
      "53": 29.0,
      "54": 60.0,
      "55": 93.0,
      "56": 12.0,
      "57": 42.0,
      "58": 48.0,
      "59": 59.0,
      "6": 56.647887323943664,
      "60": 35.0,
      "61": 50.0,
      "62": 93.0,
      "63": 5.0,
      "64": 27.0,
      "65": 37.0,
      "7": 53.40625,
      "8": 65.44827586206897,
      "9": 52.5
    },
    "steps_to_nth_queen": {
      "1": 32.76470588235294,
      "10": 34.148936170212764,
      "11": 41.84090909090909,
      "12": 39.256410256410255,
      "13": 41.27777777777778,
      "14": 42.97142857142857,
      "15": 43.354838709677416,
      "16": 52.3,
      "17": 48.58620689655172,
      "18": 54.22222222222222,
      "19": 48.88,
      "2": 30.76595744680851,
      "20": 37.75,
      "21": 64.05,
      "22": 39.05,
      "23": 33.95,
      "24": 44.25,
      "25": 37.93333333333333,
      "26": 42.083333333333336,
      "27": 54.583333333333336,
      "28": 39.25,
      "29": 46.5,
      "3": 35.54545454545455,
      "30": 46.8,
      "31": 51.2,
      "32": 49.4,
      "33": 40.111111111111114,
      "34": 51.0,
      "35": 54.55555555555556,
      "36": 61.75,
      "37": 39.125,
      "38": 45.75,
      "39": 36.625,
      "4": 39.602409638554214,
      "40": 53.0,
      "41": 39.375,
      "42": 40.142857142857146,
      "43": 45.714285714285715,
      "44": 45.8,
      "45": 47.5,
      "46": 67.0,
      "47": 31.666666666666668,
      "48": 29.0,
      "49": 13.0,
      "5": 36.666666666666664,
      "50": 32.0,
      "51": 19.0,
      "52": 84.0,
      "53": 35.0,
      "54": 54.0,
      "55": 81.0,
      "56": 14.0,
      "57": 38.0,
      "58": 42.0,
      "59": 65.0,
      "6": 33.84057971014493,
      "60": 55.0,
      "61": 54.0,
      "62": 91.0,
      "63": 7.0,
      "64": 23.0,
      "65": 30.0,
      "7": 41.25,
      "8": 43.43636363636364,
      "9": 39.58
    }
  },
  "run_dir": "/Users/andrew/Development/antfarm/experiments/experiment-6/outward-bias-v1/runs/run-1777302515014"
}
