{
  "experiment_dir": "/Users/andrew/Development/antfarm/experiments/experiment-6",
  "metrics": {
    "delivered_food": 2201.0,
    "delivered_food_per_day": 27.5125,
    "final_day": 80.0,
    "final_tick": 7900.0,
    "found_food": 2263.0,
    "selected_move_count": 144689.0,
    "simulation_length": 6216.0,
    "steps_to_nth_food": {
      "1": 131.94791666666666,
      "10": 36.20967741935484,
      "11": 13.129032258064516,
      "12": 4.82258064516129,
      "13": 30.85,
      "14": 9.203389830508474,
      "15": 6.526315789473684,
      "16": 50.55769230769231,
      "17": 9.306122448979592,
      "18": 6.375,
      "19": 46.63636363636363,
      "2": 0.7916666666666666,
      "20": 25.976744186046513,
      "21": 5.767441860465116,
      "22": 28.951219512195124,
      "23": 10.195121951219512,
      "24": 7.275,
      "25": 25.257142857142856,
      "26": 12.441176470588236,
      "27": 10.93939393939394,
      "28": 31.545454545454547,
      "29": 9.666666666666666,
      "3": 3.136842105263158,
      "30": 6.821428571428571,
      "31": 23.36,
      "32": 21.833333333333332,
      "33": 15.25,
      "34": 16.625,
      "35": 14.083333333333334,
      "36": 14.791666666666666,
      "37": 23.608695652173914,
      "38": 15.304347826086957,
      "39": 15.08695652173913,
      "4": 53.626506024096386,
      "40": 18.80952380952381,
      "41": 6.473684210526316,
      "42": 10.533333333333333,
      "43": 25.153846153846153,
      "44": 17.76923076923077,
      "45": 14.75,
      "46": 22.916666666666668,
      "47": 14.083333333333334,
      "48": 16.916666666666668,
      "49": 22.916666666666668,
      "5": 4.807228915662651,
      "50": 21.833333333333332,
      "51": 15.583333333333334,
      "52": 11.272727272727273,
      "53": 32.2,
      "54": 17.9,
      "55": 13.8,
      "56": 17.9,
      "57": 29.88888888888889,
      "58": 12.25,
      "59": 38.875,
      "6": 6.15,
      "60": 31.875,
      "61": 2.0,
      "62": 36.833333333333336,
      "63": 7.5,
      "64": 4.5,
      "65": 21.5,
      "66": 26.166666666666668,
      "67": 5.166666666666667,
      "68": 28.2,
      "69": 15.2,
      "7": 39.648648648648646,
      "70": 0.0,
      "71": 89.4,
      "72": 24.666666666666668,
      "73": 0.0,
      "74": 0.0,
      "75": 36.5,
      "76": 0.0,
      "77": 46.5,
      "78": 8.5,
      "79": 0.0,
      "8": 5.887323943661972,
      "80": 0.0,
      "81": 54.0,
      "82": 0.0,
      "83": 0.0,
      "84": 121.0,
      "85": 0.0,
      "86": 11.0,
      "87": 0.0,
      "88": 0.0,
      "89": 29.0,
      "9": 2.8714285714285714,
      "90": 0.0,
      "91": 0.0,
      "92": 66.0,
      "93": 0.0,
      "94": 0.0
    },
    "steps_to_nth_queen": {
      "1": 44.351063829787236,
      "10": 45.241379310344826,
      "11": 40.72,
      "12": 43.041666666666664,
      "13": 44.65217391304348,
      "14": 42.526315789473685,
      "15": 63.357142857142854,
      "16": 70.58333333333333,
      "17": 95.5,
      "18": 77.0,
      "19": 68.22222222222223,
      "2": 44.90243902439025,
      "20": 62.0,
      "21": 92.14285714285714,
      "22": 32.857142857142854,
      "23": 135.33333333333334,
      "24": 31.5,
      "25": 31.0,
      "26": 36.5,
      "27": 17.0,
      "28": 58.0,
      "29": 239.0,
      "3": 41.40845070422535,
      "30": 15.0,
      "31": 36.0,
      "32": 56.0,
      "4": 37.266666666666666,
      "5": 48.016949152542374,
      "6": 48.38461538461539,
      "7": 49.31818181818182,
      "8": 61.90243902439025,
      "9": 48.05555555555556
    }
  },
  "run_dir": "/Users/andrew/Development/antfarm/experiments/experiment-6/outward-bias-with-local-field-v1/runs/run-1777306295575"
}
