{
  "experiment_dir": "/Users/andrew/Development/antfarm/experiments/experiment-6",
  "metrics": {
    "delivered_food": 1377.0,
    "delivered_food_per_day": 17.2125,
    "final_day": 80.0,
    "final_tick": 7900.0,
    "found_food": 1410.0,
    "selected_move_count": 141846.0,
    "simulation_length": 6216.0,
    "steps_to_nth_food": {
      "1": 103.1651376146789,
      "10": 32.018181818181816,
      "11": 31.615384615384617,
      "12": 34.8125,
      "13": 35.7906976744186,
      "14": 35.926829268292686,
      "15": 33.8235294117647,
      "16": 33.45161290322581,
      "17": 34.5,
      "18": 35.61538461538461,
      "19": 29.12,
      "2": 33.878787878787875,
      "20": 35.43478260869565,
      "21": 32.78260869565217,
      "22": 28.91304347826087,
      "23": 30.130434782608695,
      "24": 31.35,
      "25": 28.1,
      "26": 30.526315789473685,
      "27": 29.0,
      "28": 29.666666666666668,
      "29": 30.428571428571427,
      "3": 31.376344086021504,
      "30": 41.45454545454545,
      "31": 28.90909090909091,
      "32": 33.625,
      "33": 28.857142857142858,
      "34": 22.8,
      "35": 35.6,
      "36": 23.0,
      "37": 24.5,
      "38": 29.5,
      "39": 21.0,
      "4": 31.876543209876544,
      "40": 18.333333333333332,
      "41": 17.0,
      "42": 29.333333333333332,
      "43": 26.666666666666668,
      "44": 34.0,
      "45": 32.333333333333336,
      "46": 38.5,
      "47": 36.0,
      "48": 42.5,
      "49": 29.0,
      "5": 33.7027027027027,
      "50": 52.5,
      "51": 17.5,
      "52": 38.0,
      "53": 38.5,
      "54": 57.0,
      "55": 38.5,
      "56": 39.0,
      "57": 46.5,
      "58": 20.5,
      "59": 23.0,
      "6": 41.957142857142856,
      "60": 42.0,
      "61": 47.0,
      "62": 31.5,
      "63": 20.5,
      "64": 25.0,
      "65": 26.0,
      "66": 29.0,
      "7": 32.015625,
      "8": 39.186440677966104,
      "9": 30.105263157894736
    },
    "steps_to_nth_queen": {
      "1": 32.271028037383175,
      "10": 29.81132075471698,
      "11": 29.2,
      "12": 26.148936170212767,
      "13": 28.6046511627907,
      "14": 32.1025641025641,
      "15": 29.125,
      "16": 26.0,
      "17": 29.20689655172414,
      "18": 24.76,
      "19": 26.6,
      "2": 26.555555555555557,
      "20": 28.52173913043478,
      "21": 30.08695652173913,
      "22": 25.434782608695652,
      "23": 24.55,
      "24": 25.15,
      "25": 25.3,
      "26": 27.94736842105263,
      "27": 26.529411764705884,
      "28": 27.857142857142858,
      "29": 27.0,
      "3": 25.522222222222222,
      "30": 31.09090909090909,
      "31": 22.4,
      "32": 28.0,
      "33": 28.142857142857142,
      "34": 17.0,
      "35": 32.0,
      "36": 20.5,
      "37": 22.0,
      "38": 25.5,
      "39": 22.5,
      "4": 29.743589743589745,
      "40": 14.333333333333334,
      "41": 15.666666666666666,
      "42": 26.666666666666668,
      "43": 22.0,
      "44": 54.0,
      "45": 24.333333333333332,
      "46": 38.5,
      "47": 36.0,
      "48": 37.5,
      "49": 29.0,
      "5": 30.986301369863014,
      "50": 36.5,
      "51": 15.5,
      "52": 32.5,
      "53": 35.5,
      "54": 45.0,
      "55": 33.5,
      "56": 27.0,
      "57": 45.5,
      "58": 18.5,
      "59": 28.0,
      "6": 30.492753623188406,
      "60": 37.5,
      "61": 41.0,
      "62": 35.0,
      "63": 22.5,
      "64": 25.0,
      "65": 24.0,
      "66": 23.0,
      "7": 27.365079365079364,
      "8": 25.80701754385965,
      "9": 25.892857142857142
    }
  },
  "run_dir": "/Users/andrew/Development/antfarm/experiments/experiment-6/outward-bias-v1/runs/run-1777300007280"
}
