{
  "experiment_dir": "/Users/andrew/Development/antfarm/experiments/experiment-6",
  "metrics": {
    "delivered_food": 1434.0,
    "delivered_food_per_day": 17.925,
    "final_day": 80.0,
    "final_tick": 7900.0,
    "found_food": 1464.0,
    "selected_move_count": 162274.0,
    "simulation_length": 6216.0,
    "steps_to_nth_food": {
      "1": 95.74285714285715,
      "10": 45.320754716981135,
      "11": 44.40816326530612,
      "12": 41.8936170212766,
      "13": 36.604651162790695,
      "14": 42.486486486486484,
      "15": 52.567567567567565,
      "16": 40.26470588235294,
      "17": 52.645161290322584,
      "18": 58.03448275862069,
      "19": 42.89655172413793,
      "2": 38.45918367346939,
      "20": 50.58620689655172,
      "21": 42.2962962962963,
      "22": 41.84,
      "23": 43.47826086956522,
      "24": 51.73913043478261,
      "25": 32.3,
      "26": 45.666666666666664,
      "27": 42.411764705882355,
      "28": 35.94117647058823,
      "29": 29.666666666666668,
      "3": 39.0,
      "30": 31.928571428571427,
      "31": 54.285714285714285,
      "32": 39.0,
      "33": 39.44444444444444,
      "34": 49.5,
      "35": 37.285714285714285,
      "36": 31.428571428571427,
      "37": 44.285714285714285,
      "38": 44.57142857142857,
      "39": 35.285714285714285,
      "4": 39.036144578313255,
      "40": 49.57142857142857,
      "41": 111.66666666666667,
      "42": 34.166666666666664,
      "43": 46.5,
      "44": 38.0,
      "45": 44.0,
      "46": 52.0,
      "47": 43.0,
      "48": 56.5,
      "49": 46.0,
      "5": 38.06666666666667,
      "50": 23.5,
      "51": 28.5,
      "52": 26.0,
      "53": 18.5,
      "54": 303.0,
      "55": 43.0,
      "56": 44.0,
      "57": 27.0,
      "58": 42.0,
      "59": 31.0,
      "6": 43.26027397260274,
      "60": 33.0,
      "61": 47.0,
      "62": 62.0,
      "63": 29.0,
      "64": 40.0,
      "65": 48.0,
      "66": 33.0,
      "7": 41.69230769230769,
      "8": 46.25806451612903,
      "9": 50.63793103448276
    },
    "steps_to_nth_queen": {
      "1": 34.83495145631068,
      "10": 36.22,
      "11": 35.729166666666664,
      "12": 38.022222222222226,
      "13": 39.27906976744186,
      "14": 37.108108108108105,
      "15": 37.142857142857146,
      "16": 36.8235294117647,
      "17": 45.806451612903224,
      "18": 51.310344827586206,
      "19": 44.06896551724138,
      "2": 36.714285714285715,
      "20": 48.714285714285715,
      "21": 42.888888888888886,
      "22": 34.73913043478261,
      "23": 40.08695652173913,
      "24": 40.2,
      "25": 31.1,
      "26": 41.833333333333336,
      "27": 38.1764705882353,
      "28": 29.0625,
      "29": 26.214285714285715,
      "3": 35.577777777777776,
      "30": 34.285714285714285,
      "31": 57.857142857142854,
      "32": 36.9,
      "33": 39.44444444444444,
      "34": 65.14285714285714,
      "35": 34.57142857142857,
      "36": 31.571428571428573,
      "37": 43.142857142857146,
      "38": 40.857142857142854,
      "39": 40.0,
      "4": 37.0,
      "40": 38.5,
      "41": 31.666666666666668,
      "42": 29.2,
      "43": 40.0,
      "44": 29.5,
      "45": 43.5,
      "46": 45.0,
      "47": 38.0,
      "48": 50.0,
      "49": 42.0,
      "5": 35.84,
      "50": 22.5,
      "51": 24.5,
      "52": 27.0,
      "53": 21.5,
      "54": 31.0,
      "55": 63.0,
      "56": 44.0,
      "57": 27.0,
      "58": 46.0,
      "59": 39.0,
      "6": 31.62857142857143,
      "60": 35.0,
      "61": 53.0,
      "62": 56.0,
      "63": 36.0,
      "64": 42.0,
      "65": 56.0,
      "66": 33.0,
      "7": 35.6875,
      "8": 33.83870967741935,
      "9": 41.333333333333336
    }
  },
  "run_dir": "/Users/andrew/Development/antfarm/experiments/experiment-6/outward-bias-v1/runs/run-1777300232536"
}
