{
  "experiment_dir": "/Users/andrew/Development/antfarm/experiments/experiment-4",
  "metrics": {
    "delivered_food": 27.0,
    "delivered_food_per_day": 0.84375,
    "final_day": 32.0,
    "final_tick": 3181.0,
    "found_food": 27.0,
    "selected_move_count": 15408.0,
    "simulation_length": 1497.0,
    "steps_to_nth_food": {
      "1": 78.4,
      "10": 38.0,
      "11": 76.0,
      "2": 22.0,
      "3": 49.333333333333336,
      "4": 56.333333333333336,
      "5": 28.666666666666668,
      "6": 58.666666666666664,
      "7": 35.333333333333336,
      "8": 55.0,
      "9": 25.0
    },
    "steps_to_nth_queen": {
      "1": 20.6,
      "10": 28.0,
      "11": 30.0,
      "2": 23.666666666666668,
      "3": 21.666666666666668,
      "4": 21.333333333333332,
      "5": 22.0,
      "6": 24.666666666666668,
      "7": 24.333333333333332,
      "8": 21.0,
      "9": 25.0
    }
  },
  "run_dir": "/Users/andrew/Development/antfarm/experiments/experiment-4/outward-bias-with-local-field-v1/runs/run-1777129067900"
}
