{
  "experiment_dir": "/Users/andrew/Development/antfarm/experiments/experiment-6",
  "metrics": {
    "delivered_food": 2076.0,
    "delivered_food_per_day": 25.95,
    "final_day": 80.0,
    "final_tick": 7900.0,
    "found_food": 2140.0,
    "selected_move_count": 125214.0,
    "simulation_length": 6216.0,
    "steps_to_nth_food": {
      "1": 108.51764705882353,
      "10": 36.327586206896555,
      "11": 3.719298245614035,
      "12": 12.357142857142858,
      "13": 38.19230769230769,
      "14": 5.0,
      "15": 13.62,
      "16": 46.645833333333336,
      "17": 7.382978723404255,
      "18": 8.674418604651162,
      "19": 34.578947368421055,
      "2": 1.5357142857142858,
      "20": 9.605263157894736,
      "21": 9.108108108108109,
      "22": 34.0,
      "23": 8.38888888888889,
      "24": 21.666666666666668,
      "25": 40.029411764705884,
      "26": 6.96875,
      "27": 7.806451612903226,
      "28": 32.82142857142857,
      "29": 5.821428571428571,
      "3": 4.369047619047619,
      "30": 16.678571428571427,
      "31": 23.923076923076923,
      "32": 14.807692307692308,
      "33": 17.115384615384617,
      "34": 16.666666666666668,
      "35": 7.409090909090909,
      "36": 27.3,
      "37": 42.473684210526315,
      "38": 10.052631578947368,
      "39": 19.72222222222222,
      "4": 35.87671232876713,
      "40": 43.833333333333336,
      "41": 4.764705882352941,
      "42": 8.294117647058824,
      "43": 31.8125,
      "44": 4.6,
      "45": 9.533333333333333,
      "46": 49.42857142857143,
      "47": 4.461538461538462,
      "48": 12.615384615384615,
      "49": 28.545454545454547,
      "5": 2.7534246575342465,
      "50": 8.0,
      "51": 22.7,
      "52": 45.6,
      "53": 3.7,
      "54": 9.88888888888889,
      "55": 24.333333333333332,
      "56": 12.11111111111111,
      "57": 10.0,
      "58": 17.88888888888889,
      "59": 20.11111111111111,
      "6": 3.9444444444444446,
      "60": 4.75,
      "61": 20.857142857142858,
      "62": 48.42857142857143,
      "63": 5.285714285714286,
      "64": 30.714285714285715,
      "65": 60.166666666666664,
      "66": 8.333333333333334,
      "67": 26.8,
      "68": 13.0,
      "69": 9.4,
      "7": 48.98529411764706,
      "70": 15.4,
      "71": 22.6,
      "72": 9.6,
      "73": 55.2,
      "74": 31.2,
      "75": 12.8,
      "76": 18.4,
      "77": 10.75,
      "78": 21.0,
      "79": 19.75,
      "8": 4.397058823529412,
      "80": 9.5,
      "81": 33.75,
      "82": 11.25,
      "83": 21.75,
      "84": 30.0,
      "85": 21.25,
      "86": 0.0,
      "87": 33.5,
      "88": 24.0,
      "89": 0.0,
      "9": 3.5671641791044775,
      "90": 11.0,
      "91": 18.0,
      "92": 0.0,
      "93": 37.0,
      "94": 0.0,
      "95": 0.0,
      "96": 54.0,
      "97": 0.0,
      "98": 0.0
    },
    "steps_to_nth_queen": {
      "1": 36.18072289156626,
      "10": 34.142857142857146,
      "11": 44.07692307692308,
      "12": 54.17391304347826,
      "13": 61.4,
      "14": 35.94444444444444,
      "15": 37.05882352941177,
      "16": 55.07142857142857,
      "17": 41.25,
      "18": 38.7,
      "19": 36.333333333333336,
      "2": 33.816901408450704,
      "20": 38.44444444444444,
      "21": 40.5,
      "22": 48.57142857142857,
      "23": 72.4,
      "24": 38.8,
      "25": 29.6,
      "26": 51.6,
      "27": 38.25,
      "28": 66.25,
      "29": 58.0,
      "3": 36.62686567164179,
      "30": 54.0,
      "31": 31.0,
      "32": 39.0,
      "33": 35.0,
      "34": 54.0,
      "4": 50.70175438596491,
      "5": 39.745098039215684,
      "6": 49.81818181818182,
      "7": 40.108108108108105,
      "8": 45.108108108108105,
      "9": 56.55882352941177
    }
  },
  "run_dir": "/Users/andrew/Development/antfarm/experiments/experiment-6/outward-bias-with-local-field-v1/runs/run-1777307306253"
}
