{
  "experiment_dir": "/Users/andrew/Development/antfarm/experiments/experiment-7",
  "metrics": {
    "delivered_food": 1534.0,
    "delivered_food_per_day": 19.175,
    "final_day": 80.0,
    "final_tick": 7900.0,
    "found_food": 1562.0,
    "selected_move_count": 139541.0,
    "simulation_length": 6216.0,
    "steps_to_nth_food": {
      "1": 115.35238095238095,
      "10": 48.86,
      "11": 30.604166666666668,
      "12": 38.869565217391305,
      "13": 28.2,
      "14": 31.048780487804876,
      "15": 33.717948717948715,
      "16": 27.05128205128205,
      "17": 35.75675675675676,
      "18": 33.96969696969697,
      "19": 31.272727272727273,
      "2": 33.09090909090909,
      "20": 32.806451612903224,
      "21": 31.25,
      "22": 26.208333333333332,
      "23": 49.95454545454545,
      "24": 35.04761904761905,
      "25": 29.42105263157895,
      "26": 28.176470588235293,
      "27": 21.647058823529413,
      "28": 20.88235294117647,
      "29": 22.294117647058822,
      "3": 32.42857142857143,
      "30": 30.41176470588235,
      "31": 35.5625,
      "32": 31.625,
      "33": 31.333333333333332,
      "34": 33.5,
      "35": 23.0,
      "36": 25.363636363636363,
      "37": 30.545454545454547,
      "38": 38.111111111111114,
      "39": 38.888888888888886,
      "4": 30.297619047619047,
      "40": 38.25,
      "41": 30.428571428571427,
      "42": 34.333333333333336,
      "43": 26.833333333333332,
      "44": 28.333333333333332,
      "45": 32.6,
      "46": 25.4,
      "47": 35.75,
      "48": 31.0,
      "49": 27.5,
      "5": 36.2,
      "50": 15.75,
      "51": 25.666666666666668,
      "52": 43.333333333333336,
      "53": 29.333333333333332,
      "54": 30.0,
      "55": 15.5,
      "56": 33.5,
      "57": 20.0,
      "58": 30.0,
      "59": 41.5,
      "6": 44.65217391304348,
      "60": 33.5,
      "61": 28.5,
      "62": 34.5,
      "63": 15.5,
      "64": 27.5,
      "65": 21.0,
      "66": 29.5,
      "67": 21.0,
      "68": 21.0,
      "69": 20.0,
      "7": 47.46969696969697,
      "70": 31.0,
      "71": 11.0,
      "72": 34.0,
      "73": 32.0,
      "74": 33.0,
      "75": 25.0,
      "76": 39.0,
      "77": 49.0,
      "78": 31.0,
      "8": 33.440677966101696,
      "9": 48.214285714285715
    },
    "steps_to_nth_queen": {
      "1": 19.221153846153847,
      "10": 24.1,
      "11": 23.76595744680851,
      "12": 23.88888888888889,
      "13": 22.272727272727273,
      "14": 23.35,
      "15": 23.28205128205128,
      "16": 24.94736842105263,
      "17": 26.02857142857143,
      "18": 28.606060606060606,
      "19": 37.40625,
      "2": 24.333333333333332,
      "20": 34.93333333333333,
      "21": 25.59259259259259,
      "22": 22.875,
      "23": 24.636363636363637,
      "24": 31.75,
      "25": 24.94736842105263,
      "26": 27.470588235294116,
      "27": 22.352941176470587,
      "28": 21.647058823529413,
      "29": 22.235294117647058,
      "3": 24.325842696629213,
      "30": 24.375,
      "31": 56.0,
      "32": 40.733333333333334,
      "33": 52.714285714285715,
      "34": 25.916666666666668,
      "35": 21.545454545454547,
      "36": 27.0,
      "37": 22.9,
      "38": 24.555555555555557,
      "39": 28.77777777777778,
      "4": 26.036585365853657,
      "40": 26.0,
      "41": 27.571428571428573,
      "42": 28.333333333333332,
      "43": 18.166666666666668,
      "44": 17.8,
      "45": 22.2,
      "46": 21.4,
      "47": 62.5,
      "48": 25.75,
      "49": 22.75,
      "5": 26.875,
      "50": 13.75,
      "51": 24.333333333333332,
      "52": 40.333333333333336,
      "53": 24.0,
      "54": 27.0,
      "55": 17.5,
      "56": 28.5,
      "57": 19.0,
      "58": 31.0,
      "59": 28.5,
      "6": 25.72463768115942,
      "60": 33.5,
      "61": 30.5,
      "62": 30.5,
      "63": 16.5,
      "64": 22.5,
      "65": 20.0,
      "66": 33.5,
      "67": 19.0,
      "68": 17.0,
      "69": 24.0,
      "7": 24.727272727272727,
      "70": 31.0,
      "71": 13.0,
      "72": 38.0,
      "73": 28.0,
      "74": 37.0,
      "75": 27.0,
      "76": 31.0,
      "77": 37.0,
      "78": 31.0,
      "8": 22.03448275862069,
      "9": 31.666666666666668
    }
  },
  "run_dir": "/Users/andrew/Development/antfarm/experiments/experiment-7/plant-growth-frequency__plant_growth_frequency=0.005/runs/run-1777321970821"
}
