{
  "experiment_dir": "/Users/andrew/Development/antfarm/experiments/experiment-6",
  "metrics": {
    "delivered_food": 1661.0,
    "delivered_food_per_day": 20.7625,
    "final_day": 80.0,
    "final_tick": 7900.0,
    "found_food": 1720.0,
    "selected_move_count": 169035.0,
    "simulation_length": 6216.0,
    "steps_to_nth_food": {
      "1": 99.34710743801652,
      "10": 42.557377049180324,
      "11": 43.732142857142854,
      "12": 39.716981132075475,
      "13": 39.96078431372549,
      "14": 41.83673469387755,
      "15": 46.977777777777774,
      "16": 40.92307692307692,
      "17": 58.054054054054056,
      "18": 38.806451612903224,
      "19": 41.93333333333333,
      "2": 44.26724137931034,
      "20": 40.142857142857146,
      "21": 40.51851851851852,
      "22": 34.11538461538461,
      "23": 31.64,
      "24": 42.75,
      "25": 40.91304347826087,
      "26": 38.473684210526315,
      "27": 48.111111111111114,
      "28": 34.705882352941174,
      "29": 43.13333333333333,
      "3": 44.21818181818182,
      "30": 40.8,
      "31": 72.78571428571429,
      "32": 38.0,
      "33": 35.84615384615385,
      "34": 39.583333333333336,
      "35": 36.72727272727273,
      "36": 38.90909090909091,
      "37": 30.636363636363637,
      "38": 44.1,
      "39": 34.7,
      "4": 49.443396226415096,
      "40": 30.5,
      "41": 27.77777777777778,
      "42": 37.0,
      "43": 28.22222222222222,
      "44": 29.5,
      "45": 52.5,
      "46": 37.666666666666664,
      "47": 47.0,
      "48": 51.0,
      "49": 35.5,
      "5": 45.758620689655174,
      "50": 51.0,
      "51": 1.5,
      "52": 35.5,
      "53": 33.0,
      "54": 29.5,
      "55": 52.5,
      "56": 32.0,
      "57": 37.0,
      "58": 37.0,
      "59": 30.0,
      "6": 44.670731707317074,
      "60": 34.0,
      "61": 35.0,
      "62": 22.0,
      "63": 26.0,
      "64": 7.0,
      "65": 38.0,
      "66": 55.0,
      "67": 37.0,
      "68": 28.0,
      "69": 53.0,
      "7": 45.05263157894737,
      "70": 33.0,
      "71": 31.0,
      "8": 40.92857142857143,
      "9": 44.39393939393939
    },
    "steps_to_nth_queen": {
      "1": 31.571428571428573,
      "10": 32.0,
      "11": 37.472727272727276,
      "12": 33.450980392156865,
      "13": 31.823529411764707,
      "14": 37.0625,
      "15": 43.348837209302324,
      "16": 32.12820512820513,
      "17": 33.96875,
      "18": 29.033333333333335,
      "19": 32.57142857142857,
      "2": 38.65486725663717,
      "20": 34.357142857142854,
      "21": 30.923076923076923,
      "22": 27.846153846153847,
      "23": 27.0,
      "24": 34.95652173913044,
      "25": 38.35,
      "26": 30.210526315789473,
      "27": 33.888888888888886,
      "28": 27.470588235294116,
      "29": 32.46666666666667,
      "3": 37.657407407407405,
      "30": 34.0,
      "31": 28.642857142857142,
      "32": 28.384615384615383,
      "33": 29.692307692307693,
      "34": 30.181818181818183,
      "35": 30.727272727272727,
      "36": 32.63636363636363,
      "37": 25.90909090909091,
      "38": 58.7,
      "39": 32.4,
      "4": 37.09782608695652,
      "40": 24.8,
      "41": 25.333333333333332,
      "42": 31.22222222222222,
      "43": 26.22222222222222,
      "44": 22.833333333333332,
      "45": 34.0,
      "46": 26.8,
      "47": 37.333333333333336,
      "48": 32.5,
      "49": 31.5,
      "5": 38.566265060240966,
      "50": 39.0,
      "51": 3.0,
      "52": 29.5,
      "53": 30.0,
      "54": 23.5,
      "55": 40.0,
      "56": 26.0,
      "57": 29.0,
      "58": 27.0,
      "59": 30.0,
      "6": 33.075,
      "60": 24.0,
      "61": 35.0,
      "62": 22.0,
      "63": 30.0,
      "64": 7.0,
      "65": 32.0,
      "66": 35.0,
      "67": 49.0,
      "68": 30.0,
      "69": 51.0,
      "7": 36.148648648648646,
      "70": 33.0,
      "8": 36.48529411764706,
      "9": 40.50769230769231
    }
  },
  "run_dir": "/Users/andrew/Development/antfarm/experiments/experiment-6/outward-bias-v1/runs/run-1777302209567"
}
