{
  "experiment_dir": "/Users/andrew/Development/antfarm/experiments/experiment-4",
  "metrics": {
    "delivered_food": 117.0,
    "delivered_food_per_day": 2.7209302325581395,
    "final_day": 43.0,
    "final_tick": 4269.0,
    "found_food": 122.0,
    "selected_move_count": 39984.0,
    "simulation_length": 2585.0,
    "steps_to_nth_food": {
      "1": 144.1153846153846,
      "10": 23.4,
      "11": 152.25,
      "12": 56.333333333333336,
      "13": 36.333333333333336,
      "14": 72.33333333333333,
      "15": 128.5,
      "16": 62.0,
      "2": 87.16666666666667,
      "3": 41.333333333333336,
      "4": 44.27272727272727,
      "5": 39.55555555555556,
      "6": 41.125,
      "7": 31.714285714285715,
      "8": 31.8,
      "9": 99.0
    },
    "steps_to_nth_queen": {
      "1": 72.0,
      "10": 17.6,
      "11": 56.5,
      "12": 50.666666666666664,
      "13": 21.666666666666668,
      "14": 19.0,
      "15": 31.0,
      "16": 32.0,
      "2": 45.6875,
      "3": 28.5,
      "4": 27.0,
      "5": 44.333333333333336,
      "6": 37.75,
      "7": 28.428571428571427,
      "8": 31.4,
      "9": 32.4
    }
  },
  "run_dir": "/Users/andrew/Development/antfarm/experiments/experiment-4/outward-bias-v1/runs/run-1777220154153"
}
