{
  "experiment_dir": "/Users/andrew/Development/antfarm/experiments/experiment-6",
  "metrics": {
    "delivered_food": 1659.0,
    "delivered_food_per_day": 20.7375,
    "final_day": 80.0,
    "final_tick": 7900.0,
    "found_food": 1693.0,
    "selected_move_count": 160152.0,
    "simulation_length": 6216.0,
    "steps_to_nth_food": {
      "1": 125.0,
      "10": 44.46296296296296,
      "11": 35.90196078431372,
      "12": 34.36734693877551,
      "13": 41.69565217391305,
      "14": 37.266666666666666,
      "15": 34.095238095238095,
      "16": 44.2,
      "17": 38.78947368421053,
      "18": 37.513513513513516,
      "19": 48.68571428571428,
      "2": 44.27956989247312,
      "20": 43.65625,
      "21": 32.3,
      "22": 37.142857142857146,
      "23": 34.26923076923077,
      "24": 42.28,
      "25": 47.30434782608695,
      "26": 37.285714285714285,
      "27": 30.25,
      "28": 32.15,
      "29": 38.55,
      "3": 38.01176470588236,
      "30": 37.2,
      "31": 34.2,
      "32": 33.68421052631579,
      "33": 32.77777777777778,
      "34": 38.529411764705884,
      "35": 39.8235294117647,
      "36": 40.0,
      "37": 44.46153846153846,
      "38": 37.0,
      "39": 31.583333333333332,
      "4": 41.9277108433735,
      "40": 38.0,
      "41": 46.916666666666664,
      "42": 42.36363636363637,
      "43": 45.54545454545455,
      "44": 40.45454545454545,
      "45": 47.45454545454545,
      "46": 39.90909090909091,
      "47": 44.81818181818182,
      "48": 46.55555555555556,
      "49": 38.625,
      "5": 34.053333333333335,
      "50": 47.0,
      "51": 25.4,
      "52": 43.25,
      "53": 35.0,
      "54": 50.0,
      "55": 43.0,
      "56": 47.0,
      "57": 32.5,
      "58": 21.0,
      "59": 26.0,
      "6": 38.82857142857143,
      "60": 23.5,
      "61": 22.0,
      "62": 31.0,
      "63": 14.0,
      "64": 5.0,
      "65": 12.0,
      "66": 26.0,
      "67": 39.0,
      "68": 51.0,
      "69": 29.0,
      "7": 49.6875,
      "70": 30.0,
      "71": 55.0,
      "8": 34.80327868852459,
      "9": 38.64912280701754
    },
    "steps_to_nth_queen": {
      "1": 31.435185185185187,
      "10": 31.71153846153846,
      "11": 32.5,
      "12": 34.51020408163265,
      "13": 33.43478260869565,
      "14": 33.4,
      "15": 30.390243902439025,
      "16": 34.94871794871795,
      "17": 36.5,
      "18": 34.21621621621622,
      "19": 36.63636363636363,
      "2": 27.52173913043478,
      "20": 59.193548387096776,
      "21": 38.86666666666667,
      "22": 36.0,
      "23": 34.15384615384615,
      "24": 37.391304347826086,
      "25": 33.27272727272727,
      "26": 33.8,
      "27": 30.55,
      "28": 34.4,
      "29": 37.05,
      "3": 29.2,
      "30": 40.6,
      "31": 43.4,
      "32": 34.72222222222222,
      "33": 32.44444444444444,
      "34": 30.41176470588235,
      "35": 41.588235294117645,
      "36": 38.5,
      "37": 45.38461538461539,
      "38": 37.30769230769231,
      "39": 33.083333333333336,
      "4": 28.524390243902438,
      "40": 39.25,
      "41": 51.09090909090909,
      "42": 43.90909090909091,
      "43": 47.18181818181818,
      "44": 40.0,
      "45": 48.90909090909091,
      "46": 37.63636363636363,
      "47": 43.44444444444444,
      "48": 57.375,
      "49": 42.57142857142857,
      "5": 29.946666666666665,
      "50": 48.666666666666664,
      "51": 36.0,
      "52": 35.666666666666664,
      "53": 29.0,
      "54": 62.0,
      "55": 45.0,
      "56": 40.0,
      "57": 33.5,
      "58": 25.0,
      "59": 27.0,
      "6": 28.191176470588236,
      "60": 25.5,
      "61": 30.0,
      "62": 35.0,
      "63": 18.0,
      "64": 9.0,
      "65": 14.0,
      "66": 36.0,
      "67": 39.0,
      "68": 49.0,
      "69": 31.0,
      "7": 34.145161290322584,
      "70": 28.0,
      "71": 43.0,
      "8": 34.41379310344828,
      "9": 36.142857142857146
    }
  },
  "run_dir": "/Users/andrew/Development/antfarm/experiments/experiment-6/outward-bias-v1/runs/run-1777301397216"
}
