{
  "experiment_dir": "/Users/andrew/Development/antfarm/experiments/experiment-6",
  "metrics": {
    "delivered_food": 1463.0,
    "delivered_food_per_day": 18.2875,
    "final_day": 80.0,
    "final_tick": 7900.0,
    "found_food": 1490.0,
    "selected_move_count": 153871.0,
    "simulation_length": 6216.0,
    "steps_to_nth_food": {
      "1": 104.55660377358491,
      "10": 37.19230769230769,
      "11": 40.833333333333336,
      "12": 45.0,
      "13": 40.38095238095238,
      "14": 34.39473684210526,
      "15": 37.72727272727273,
      "16": 38.81818181818182,
      "17": 36.964285714285715,
      "18": 37.75,
      "19": 43.84615384615385,
      "2": 33.526315789473685,
      "20": 41.12,
      "21": 31.583333333333332,
      "22": 34.375,
      "23": 36.78260869565217,
      "24": 58.08695652173913,
      "25": 34.35294117647059,
      "26": 45.05882352941177,
      "27": 50.4,
      "28": 46.333333333333336,
      "29": 32.666666666666664,
      "3": 36.63333333333333,
      "30": 34.0,
      "31": 38.30769230769231,
      "32": 48.23076923076923,
      "33": 40.27272727272727,
      "34": 38.09090909090909,
      "35": 37.81818181818182,
      "36": 36.45454545454545,
      "37": 47.63636363636363,
      "38": 51.9,
      "39": 39.9,
      "4": 37.433734939759034,
      "40": 50.8,
      "41": 41.7,
      "42": 42.7,
      "43": 37.5,
      "44": 47.75,
      "45": 42.125,
      "46": 46.25,
      "47": 37.142857142857146,
      "48": 48.0,
      "49": 35.6,
      "5": 35.68354430379747,
      "50": 40.666666666666664,
      "51": 57.0,
      "52": 26.0,
      "53": 37.5,
      "54": 51.0,
      "55": 90.0,
      "56": 20.0,
      "57": 1.0,
      "58": 5.0,
      "59": 14.0,
      "6": 39.690140845070424,
      "60": 54.0,
      "61": 52.0,
      "7": 47.21212121212121,
      "8": 44.42372881355932,
      "9": 44.0
    },
    "steps_to_nth_queen": {
      "1": 25.495049504950494,
      "10": 42.2,
      "11": 37.297872340425535,
      "12": 64.91111111111111,
      "13": 36.68292682926829,
      "14": 31.16216216216216,
      "15": 34.72727272727273,
      "16": 36.86666666666667,
      "17": 34.642857142857146,
      "18": 33.77777777777778,
      "19": 39.19230769230769,
      "2": 27.0531914893617,
      "20": 39.2,
      "21": 35.333333333333336,
      "22": 31.916666666666668,
      "23": 32.43478260869565,
      "24": 53.0,
      "25": 30.941176470588236,
      "26": 41.6875,
      "27": 46.13333333333333,
      "28": 44.8,
      "29": 31.071428571428573,
      "3": 33.91111111111111,
      "30": 31.692307692307693,
      "31": 37.61538461538461,
      "32": 36.666666666666664,
      "33": 41.45454545454545,
      "34": 38.09090909090909,
      "35": 33.72727272727273,
      "36": 37.36363636363637,
      "37": 48.81818181818182,
      "38": 48.6,
      "39": 38.3,
      "4": 33.57831325301205,
      "40": 46.1,
      "41": 40.9,
      "42": 39.77777777777778,
      "43": 39.375,
      "44": 56.25,
      "45": 44.875,
      "46": 45.125,
      "47": 40.166666666666664,
      "48": 54.0,
      "49": 40.5,
      "5": 30.324675324675326,
      "50": 41.666666666666664,
      "51": 59.0,
      "52": 29.5,
      "53": 32.0,
      "54": 55.0,
      "55": 78.0,
      "56": 28.0,
      "57": 3.0,
      "58": 7.0,
      "59": 20.0,
      "6": 36.985915492957744,
      "60": 54.0,
      "61": 60.0,
      "7": 32.92307692307692,
      "8": 35.355932203389834,
      "9": 30.678571428571427
    }
  },
  "run_dir": "/Users/andrew/Development/antfarm/experiments/experiment-6/outward-bias-v1/runs/run-1777303420481"
}
