{
  "experiment_dir": "/Users/andrew/Development/antfarm/experiments/experiment-6",
  "metrics": {
    "delivered_food": 2358.0,
    "delivered_food_per_day": 23.58,
    "final_day": 100.0,
    "final_tick": 9900.0,
    "found_food": 2391.0,
    "selected_move_count": 247877.0,
    "simulation_length": 8216.0,
    "steps_to_nth_food": {
      "1": 69.97986577181209,
      "10": 43.57471264367816,
      "11": 53.0,
      "12": 47.62337662337662,
      "13": 41.55555555555556,
      "14": 38.134328358208954,
      "15": 45.23076923076923,
      "16": 45.435483870967744,
      "17": 40.224137931034484,
      "18": 43.54385964912281,
      "19": 39.35849056603774,
      "2": 41.859154929577464,
      "20": 45.3,
      "21": 38.71739130434783,
      "22": 39.76086956521739,
      "23": 35.09756097560975,
      "24": 41.475,
      "25": 41.76923076923077,
      "26": 38.857142857142854,
      "27": 39.45161290322581,
      "28": 42.3,
      "29": 47.392857142857146,
      "3": 39.875,
      "30": 40.0,
      "31": 41.4,
      "32": 37.333333333333336,
      "33": 43.08695652173913,
      "34": 41.59090909090909,
      "35": 38.72222222222222,
      "36": 36.8235294117647,
      "37": 88.07142857142857,
      "38": 32.84615384615385,
      "39": 33.7,
      "4": 47.768,
      "40": 30.11111111111111,
      "41": 31.714285714285715,
      "42": 30.571428571428573,
      "43": 25.5,
      "44": 45.833333333333336,
      "45": 32.6,
      "46": 33.8,
      "47": 19.2,
      "48": 27.5,
      "49": 20.5,
      "5": 45.596638655462186,
      "50": 78.0,
      "51": 45.0,
      "52": 83.0,
      "53": 44.0,
      "54": 38.0,
      "55": 41.0,
      "56": 68.0,
      "6": 45.26851851851852,
      "7": 44.049019607843135,
      "8": 40.326530612244895,
      "9": 40.81318681318681
    },
    "steps_to_nth_queen": {
      "1": 33.71621621621622,
      "10": 37.93023255813954,
      "11": 41.7125,
      "12": 39.77333333333333,
      "13": 39.513888888888886,
      "14": 38.38461538461539,
      "15": 41.98461538461538,
      "16": 44.59016393442623,
      "17": 41.86206896551724,
      "18": 52.1578947368421,
      "19": 39.90384615384615,
      "2": 39.9645390070922,
      "20": 44.10204081632653,
      "21": 36.130434782608695,
      "22": 41.52173913043478,
      "23": 45.625,
      "24": 39.205128205128204,
      "25": 39.58974358974359,
      "26": 38.61764705882353,
      "27": 39.53333333333333,
      "28": 42.766666666666666,
      "29": 46.964285714285715,
      "3": 35.21804511278196,
      "30": 39.42307692307692,
      "31": 40.875,
      "32": 37.541666666666664,
      "33": 59.40909090909091,
      "34": 33.75,
      "35": 33.8235294117647,
      "36": 38.5,
      "37": 48.285714285714285,
      "38": 31.666666666666668,
      "39": 32.3,
      "4": 43.88709677419355,
      "40": 27.0,
      "41": 30.285714285714285,
      "42": 25.333333333333332,
      "43": 25.166666666666668,
      "44": 32.0,
      "45": 27.6,
      "46": 31.0,
      "47": 19.2,
      "48": 20.5,
      "49": 24.5,
      "5": 40.79831932773109,
      "50": 111.0,
      "51": 46.0,
      "52": 120.0,
      "53": 54.0,
      "54": 43.0,
      "55": 49.0,
      "56": 74.0,
      "6": 41.15238095238095,
      "7": 41.79207920792079,
      "8": 40.06185567010309,
      "9": 37.175824175824175
    }
  },
  "run_dir": "/Users/andrew/Development/antfarm/experiments/experiment-6/outward-bias-v1/runs/run-1777294897742"
}
