{
  "experiment_dir": "/Users/andrew/Development/antfarm/experiments/experiment-4",
  "metrics": {
    "delivered_food": 30.0,
    "delivered_food_per_day": 0.5882352941176471,
    "final_day": 51.0,
    "final_tick": 5036.0,
    "found_food": 30.0,
    "selected_move_count": 17325.0,
    "simulation_length": 3352.0,
    "steps_to_nth_food": {
      "1": 50.333333333333336,
      "10": 14.0,
      "11": 8.0,
      "12": 71.0,
      "13": 15.0,
      "14": 9.0,
      "15": 26.0,
      "16": 23.0,
      "17": 16.0,
      "18": 22.0,
      "19": 150.0,
      "2": 57.0,
      "20": 21.0,
      "21": 159.0,
      "22": 94.0,
      "23": 25.0,
      "24": 52.0,
      "25": 274.0,
      "26": 198.0,
      "3": 51.5,
      "4": 175.0,
      "5": 7.0,
      "6": 16.0,
      "7": 15.0,
      "8": 68.0,
      "9": 85.0
    },
    "steps_to_nth_queen": {
      "1": 20.333333333333332,
      "10": 16.0,
      "11": 10.0,
      "12": 83.0,
      "13": 19.0,
      "14": 10.0,
      "15": 23.0,
      "16": 19.0,
      "17": 17.0,
      "18": 10.0,
      "19": 78.0,
      "2": 43.0,
      "20": 17.0,
      "21": 20.0,
      "22": 13.0,
      "23": 22.0,
      "24": 19.0,
      "25": 12.0,
      "26": 21.0,
      "3": 42.0,
      "4": 90.0,
      "5": 9.0,
      "6": 14.0,
      "7": 15.0,
      "8": 105.0,
      "9": 79.0
    }
  },
  "run_dir": "/Users/andrew/Development/antfarm/experiments/experiment-4/outward-bias-with-local-field-v1/runs/run-1777129599155"
}
