{
  "experiment_dir": "/Users/andrew/Development/antfarm/experiments/experiment-4",
  "metrics": {
    "delivered_food": 99.0,
    "delivered_food_per_day": 2.357142857142857,
    "final_day": 42.0,
    "final_tick": 4122.0,
    "found_food": 107.0,
    "selected_move_count": 35939.0,
    "simulation_length": 2438.0,
    "steps_to_nth_food": {
      "1": 123.38461538461539,
      "10": 74.0,
      "11": 43.0,
      "12": 237.0,
      "13": 21.0,
      "14": 22.0,
      "15": 57.0,
      "16": 43.0,
      "17": 47.0,
      "2": 37.75,
      "3": 38.357142857142854,
      "4": 75.0,
      "5": 49.666666666666664,
      "6": 79.28571428571429,
      "7": 27.75,
      "8": 90.5,
      "9": 67.5
    },
    "steps_to_nth_queen": {
      "1": 63.69565217391305,
      "10": 52.0,
      "11": 35.0,
      "12": 19.0,
      "13": 19.0,
      "14": 20.0,
      "15": 24.0,
      "16": 25.0,
      "17": 37.0,
      "2": 27.25,
      "3": 30.571428571428573,
      "4": 36.25,
      "5": 34.44444444444444,
      "6": 22.4,
      "7": 20.75,
      "8": 60.0,
      "9": 41.666666666666664
    }
  },
  "run_dir": "/Users/andrew/Development/antfarm/experiments/experiment-4/outward-bias-v1/runs/run-1777128487318"
}
