{
  "experiment_dir": "/Users/andrew/Development/antfarm/experiments/experiment-6",
  "metrics": {
    "delivered_food": 1383.0,
    "delivered_food_per_day": 17.2875,
    "final_day": 80.0,
    "final_tick": 7900.0,
    "found_food": 1411.0,
    "selected_move_count": 132467.0,
    "simulation_length": 6216.0,
    "steps_to_nth_food": {
      "1": 106.41304347826087,
      "10": 45.31111111111111,
      "11": 36.904761904761905,
      "12": 36.10526315789474,
      "13": 25.13888888888889,
      "14": 52.34285714285714,
      "15": 36.9375,
      "16": 23.733333333333334,
      "17": 43.17857142857143,
      "18": 33.67857142857143,
      "19": 27.692307692307693,
      "2": 37.2183908045977,
      "20": 38.04761904761905,
      "21": 57.04761904761905,
      "22": 34.6,
      "23": 27.3,
      "24": 32.94736842105263,
      "25": 43.666666666666664,
      "26": 61.72222222222222,
      "27": 48.888888888888886,
      "28": 31.555555555555557,
      "29": 38.8235294117647,
      "3": 50.38095238095238,
      "30": 29.176470588235293,
      "31": 26.4,
      "32": 44.642857142857146,
      "33": 27.76923076923077,
      "34": 23.666666666666668,
      "35": 43.0,
      "36": 31.454545454545453,
      "37": 33.63636363636363,
      "38": 34.0,
      "39": 28.666666666666668,
      "4": 32.12,
      "40": 24.333333333333332,
      "41": 39.0,
      "42": 45.666666666666664,
      "43": 74.0,
      "44": 21.2,
      "45": 22.8,
      "46": 13.4,
      "47": 26.0,
      "48": 27.4,
      "49": 35.75,
      "5": 49.64705882352941,
      "50": 29.25,
      "51": 18.75,
      "52": 34.0,
      "53": 21.75,
      "54": 26.5,
      "55": 21.0,
      "56": 25.75,
      "57": 24.25,
      "58": 25.333333333333332,
      "59": 42.666666666666664,
      "6": 32.32786885245902,
      "60": 24.666666666666668,
      "61": 25.0,
      "62": 27.333333333333332,
      "63": 23.333333333333332,
      "64": 21.333333333333332,
      "65": 19.666666666666668,
      "66": 20.5,
      "67": 25.0,
      "68": 26.5,
      "69": 17.5,
      "7": 51.81818181818182,
      "70": 14.0,
      "71": 17.0,
      "72": 5.0,
      "73": 22.0,
      "74": 11.0,
      "75": 15.0,
      "76": 18.0,
      "77": 7.0,
      "78": 21.0,
      "79": 14.0,
      "8": 44.71153846153846,
      "80": 21.0,
      "81": 22.0,
      "82": 21.0,
      "83": 1.0,
      "84": 23.0,
      "85": 23.0,
      "86": 24.0,
      "87": 5.0,
      "9": 33.94117647058823
    },
    "steps_to_nth_queen": {
      "1": 24.747252747252748,
      "10": 25.19047619047619,
      "11": 21.48780487804878,
      "12": 23.44736842105263,
      "13": 22.416666666666668,
      "14": 23.65714285714286,
      "15": 22.833333333333332,
      "16": 22.0,
      "17": 23.5,
      "18": 24.962962962962962,
      "19": 21.818181818181817,
      "2": 22.149425287356323,
      "20": 26.61904761904762,
      "21": 43.523809523809526,
      "22": 27.9,
      "23": 25.36842105263158,
      "24": 24.42105263157895,
      "25": 25.333333333333332,
      "26": 27.27777777777778,
      "27": 29.333333333333332,
      "28": 25.61111111111111,
      "29": 26.823529411764707,
      "3": 21.4375,
      "30": 27.823529411764707,
      "31": 24.4,
      "32": 27.384615384615383,
      "33": 24.583333333333332,
      "34": 24.25,
      "35": 30.916666666666668,
      "36": 24.636363636363637,
      "37": 25.636363636363637,
      "38": 25.714285714285715,
      "39": 23.0,
      "4": 24.68918918918919,
      "40": 24.5,
      "41": 30.333333333333332,
      "42": 17.5,
      "43": 23.6,
      "44": 21.2,
      "45": 23.6,
      "46": 15.8,
      "47": 28.8,
      "48": 26.2,
      "49": 28.75,
      "5": 23.666666666666668,
      "50": 28.0,
      "51": 15.75,
      "52": 24.25,
      "53": 25.75,
      "54": 25.5,
      "55": 21.0,
      "56": 25.75,
      "57": 20.0,
      "58": 24.333333333333332,
      "59": 30.0,
      "6": 23.295081967213115,
      "60": 21.0,
      "61": 25.0,
      "62": 23.333333333333332,
      "63": 21.333333333333332,
      "64": 36.666666666666664,
      "65": 19.0,
      "66": 22.5,
      "67": 21.0,
      "68": 24.5,
      "69": 17.5,
      "7": 22.963636363636365,
      "70": 16.0,
      "71": 21.0,
      "72": 7.0,
      "73": 18.0,
      "74": 13.0,
      "75": 17.0,
      "76": 20.0,
      "77": 7.0,
      "78": 13.0,
      "79": 16.0,
      "8": 31.346153846153847,
      "80": 21.0,
      "81": 22.0,
      "82": 17.0,
      "83": 3.0,
      "84": 29.0,
      "85": 23.0,
      "86": 26.0,
      "87": 9.0,
      "9": 23.1
    }
  },
  "run_dir": "/Users/andrew/Development/antfarm/experiments/experiment-6/outward-bias-v1/runs/run-1777303125078"
}
