{
  "experiment_dir": "/Users/andrew/Development/antfarm/experiments/experiment-7",
  "metrics": {
    "delivered_food": 673.0,
    "delivered_food_per_day": 8.4125,
    "final_day": 80.0,
    "final_tick": 7900.0,
    "found_food": 697.0,
    "selected_move_count": 113901.0,
    "simulation_length": 6216.0,
    "steps_to_nth_food": {
      "1": 148.0681818181818,
      "10": 66.78260869565217,
      "11": 77.63636363636364,
      "12": 69.85714285714286,
      "13": 46.85,
      "14": 42.0,
      "15": 71.07692307692308,
      "16": 37.6,
      "17": 78.5,
      "18": 47.57142857142857,
      "19": 38.285714285714285,
      "2": 56.95652173913044,
      "20": 37.6,
      "21": 27.0,
      "22": 37.4,
      "23": 41.8,
      "24": 44.4,
      "25": 53.8,
      "26": 35.0,
      "27": 29.0,
      "28": 58.4,
      "29": 59.2,
      "3": 58.81666666666667,
      "30": 48.8,
      "31": 52.0,
      "32": 46.0,
      "33": 109.75,
      "34": 80.25,
      "35": 61.0,
      "36": 47.666666666666664,
      "37": 39.333333333333336,
      "38": 67.0,
      "39": 50.0,
      "4": 56.63461538461539,
      "40": 132.33333333333334,
      "41": 39.5,
      "42": 29.0,
      "43": 30.0,
      "44": 18.0,
      "45": 28.0,
      "46": 24.0,
      "47": 25.0,
      "5": 49.16,
      "6": 59.24390243902439,
      "7": 62.583333333333336,
      "8": 59.266666666666666,
      "9": 57.2962962962963
    },
    "steps_to_nth_queen": {
      "1": 38.94252873563219,
      "10": 47.34782608695652,
      "11": 36.095238095238095,
      "12": 41.5,
      "13": 34.1578947368421,
      "14": 30.928571428571427,
      "15": 32.76923076923077,
      "16": 20.666666666666668,
      "17": 25.5,
      "18": 24.142857142857142,
      "19": 26.5,
      "2": 31.159420289855074,
      "20": 34.6,
      "21": 21.4,
      "22": 77.0,
      "23": 45.0,
      "24": 37.2,
      "25": 37.6,
      "26": 28.6,
      "27": 26.6,
      "28": 37.0,
      "29": 57.6,
      "3": 31.224137931034484,
      "30": 45.4,
      "31": 46.6,
      "32": 38.0,
      "33": 50.25,
      "34": 63.666666666666664,
      "35": 63.333333333333336,
      "36": 47.333333333333336,
      "37": 34.0,
      "38": 67.0,
      "39": 51.333333333333336,
      "4": 30.21153846153846,
      "40": 108.66666666666667,
      "41": 19.0,
      "42": 30.0,
      "43": 28.0,
      "44": 24.0,
      "45": 26.0,
      "46": 18.0,
      "5": 30.934782608695652,
      "6": 29.263157894736842,
      "7": 30.5,
      "8": 28.413793103448278,
      "9": 39.32
    }
  },
  "run_dir": "/Users/andrew/Development/antfarm/experiments/experiment-7/plant-growth-frequency__plant_growth_frequency=0.0025/runs/run-1777322090378"
}
