{
  "experiment_dir": "/Users/andrew/Development/antfarm/experiments/experiment-6",
  "metrics": {
    "delivered_food": 2231.0,
    "delivered_food_per_day": 22.31,
    "final_day": 100.0,
    "final_tick": 9900.0,
    "found_food": 2280.0,
    "selected_move_count": 208035.0,
    "simulation_length": 8216.0,
    "steps_to_nth_food": {
      "1": 68.74125874125875,
      "10": 35.76543209876543,
      "11": 40.922077922077925,
      "12": 35.81428571428572,
      "13": 33.75,
      "14": 35.734375,
      "15": 43.68421052631579,
      "16": 29.21818181818182,
      "17": 45.074074074074076,
      "18": 48.64,
      "19": 40.73913043478261,
      "2": 32.6412213740458,
      "20": 27.61904761904762,
      "21": 35.63157894736842,
      "22": 36.30555555555556,
      "23": 42.97142857142857,
      "24": 29.1875,
      "25": 34.61290322580645,
      "26": 32.857142857142854,
      "27": 28.964285714285715,
      "28": 26.076923076923077,
      "29": 30.608695652173914,
      "3": 32.57936507936508,
      "30": 34.91304347826087,
      "31": 31.571428571428573,
      "32": 31.55,
      "33": 24.8,
      "34": 82.0,
      "35": 31.333333333333332,
      "36": 26.88235294117647,
      "37": 35.8125,
      "38": 44.4,
      "39": 31.785714285714285,
      "4": 33.72649572649573,
      "40": 40.916666666666664,
      "41": 40.916666666666664,
      "42": 71.58333333333333,
      "43": 66.81818181818181,
      "44": 37.22222222222222,
      "45": 36.0,
      "46": 47.625,
      "47": 40.142857142857146,
      "48": 43.0,
      "49": 66.0,
      "5": 35.52252252252252,
      "50": 38.6,
      "51": 26.2,
      "52": 38.8,
      "53": 55.75,
      "54": 34.0,
      "55": 60.5,
      "56": 21.0,
      "57": 29.5,
      "58": 23.5,
      "59": 24.0,
      "6": 43.95192307692308,
      "60": 18.5,
      "61": 11.5,
      "62": 25.0,
      "63": 48.0,
      "64": 57.5,
      "65": 44.5,
      "66": 33.0,
      "67": 54.0,
      "68": 30.0,
      "69": 13.0,
      "7": 43.638297872340424,
      "70": 1.0,
      "71": 2.0,
      "72": 41.0,
      "73": 2.0,
      "74": 71.0,
      "75": 74.0,
      "76": 77.0,
      "77": 27.0,
      "78": 35.0,
      "79": 33.0,
      "8": 29.931818181818183,
      "80": 87.0,
      "81": 32.0,
      "82": 36.0,
      "83": 19.0,
      "84": 41.0,
      "85": 77.0,
      "86": 41.0,
      "87": 58.0,
      "88": 69.0,
      "9": 38.433734939759034
    },
    "steps_to_nth_queen": {
      "1": 24.140845070422536,
      "10": 30.72151898734177,
      "11": 30.246753246753247,
      "12": 27.323529411764707,
      "13": 31.53125,
      "14": 30.78688524590164,
      "15": 28.0,
      "16": 30.854545454545455,
      "17": 36.65384615384615,
      "18": 33.775510204081634,
      "19": 29.886363636363637,
      "2": 21.453846153846154,
      "20": 22.609756097560975,
      "21": 27.236842105263158,
      "22": 26.4,
      "23": 29.264705882352942,
      "24": 29.125,
      "25": 25.838709677419356,
      "26": 26.285714285714285,
      "27": 27.5,
      "28": 22.76923076923077,
      "29": 22.08695652173913,
      "3": 25.403225806451612,
      "30": 27.681818181818183,
      "31": 27.571428571428573,
      "32": 26.2,
      "33": 20.35,
      "34": 32.26315789473684,
      "35": 25.529411764705884,
      "36": 21.9375,
      "37": 26.533333333333335,
      "38": 32.46666666666667,
      "39": 36.333333333333336,
      "4": 29.234782608695653,
      "40": 28.5,
      "41": 39.916666666666664,
      "42": 34.0,
      "43": 27.22222222222222,
      "44": 32.888888888888886,
      "45": 32.111111111111114,
      "46": 40.714285714285715,
      "47": 30.0,
      "48": 56.0,
      "49": 53.2,
      "5": 24.40366972477064,
      "50": 26.2,
      "51": 20.2,
      "52": 32.25,
      "53": 38.25,
      "54": 26.0,
      "55": 34.5,
      "56": 22.0,
      "57": 19.5,
      "58": 15.5,
      "59": 22.0,
      "6": 27.683168316831683,
      "60": 19.5,
      "61": 11.5,
      "62": 17.0,
      "63": 35.0,
      "64": 48.0,
      "65": 36.5,
      "66": 30.0,
      "67": 47.0,
      "68": 16.0,
      "69": 15.0,
      "7": 29.92391304347826,
      "70": 3.0,
      "71": 4.0,
      "72": 41.0,
      "73": 4.0,
      "74": 74.0,
      "75": 45.0,
      "76": 82.0,
      "77": 19.0,
      "78": 23.0,
      "79": 25.0,
      "8": 24.197674418604652,
      "80": 56.0,
      "81": 24.0,
      "82": 30.0,
      "83": 17.0,
      "84": 27.0,
      "85": 75.0,
      "86": 33.0,
      "87": 36.0,
      "88": 69.0,
      "9": 33.048780487804876
    }
  },
  "run_dir": "/Users/andrew/Development/antfarm/experiments/experiment-6/outward-bias-v1/runs/run-1777294489193"
}
