{
  "experiment_dir": "/Users/andrew/Development/antfarm/experiments/experiment-6",
  "metrics": {
    "delivered_food": 1264.0,
    "delivered_food_per_day": 15.8,
    "final_day": 80.0,
    "final_tick": 7900.0,
    "found_food": 1325.0,
    "selected_move_count": 101002.0,
    "simulation_length": 6216.0,
    "steps_to_nth_food": {
      "1": 115.08219178082192,
      "10": 46.31707317073171,
      "11": 2.0,
      "12": 2.2564102564102564,
      "13": 43.857142857142854,
      "14": 4.142857142857143,
      "15": 1.8,
      "16": 35.74074074074074,
      "17": 3.740740740740741,
      "18": 7.44,
      "19": 30.782608695652176,
      "2": 1.0684931506849316,
      "20": 4.909090909090909,
      "21": 5.142857142857143,
      "22": 17.666666666666668,
      "23": 7.222222222222222,
      "24": 13.0,
      "25": 13.3125,
      "26": 13.714285714285714,
      "27": 14.142857142857142,
      "28": 17.615384615384617,
      "29": 7.181818181818182,
      "3": 3.164383561643836,
      "30": 20.727272727272727,
      "31": 8.9,
      "32": 14.4,
      "33": 24.4,
      "34": 9.444444444444445,
      "35": 8.666666666666666,
      "36": 36.22222222222222,
      "37": 0.0,
      "38": 4.125,
      "39": 28.75,
      "4": 28.40983606557377,
      "40": 0.0,
      "41": 7.375,
      "42": 27.0,
      "43": 3.0,
      "44": 4.428571428571429,
      "45": 25.857142857142858,
      "46": 5.0,
      "47": 26.571428571428573,
      "48": 42.8,
      "49": 5.8,
      "5": 2.3278688524590163,
      "50": 4.6,
      "51": 19.2,
      "52": 4.8,
      "53": 42.4,
      "54": 17.0,
      "55": 7.6,
      "56": 6.2,
      "57": 28.0,
      "58": 6.6,
      "59": 36.8,
      "6": 3.459016393442623,
      "60": 37.8,
      "61": 8.0,
      "62": 21.2,
      "63": 38.2,
      "64": 0.0,
      "65": 41.8,
      "66": 108.2,
      "67": 0.0,
      "68": 19.6,
      "69": 83.8,
      "7": 29.51923076923077,
      "70": 0.0,
      "71": 15.0,
      "72": 171.0,
      "73": 0.0,
      "74": 34.0,
      "75": 0.0,
      "76": 0.0,
      "8": 0.4,
      "9": 0.25
    },
    "steps_to_nth_queen": {
      "1": 30.652173913043477,
      "10": 47.285714285714285,
      "11": 35.90909090909091,
      "12": 35.111111111111114,
      "13": 46.25,
      "14": 36.625,
      "15": 32.714285714285715,
      "16": 50.0,
      "17": 33.2,
      "18": 39.2,
      "19": 26.2,
      "2": 30.566666666666666,
      "20": 33.2,
      "21": 35.8,
      "22": 46.2,
      "23": 34.4,
      "24": 36.6,
      "25": 50.0,
      "26": 19.5,
      "27": 32.0,
      "28": 21.0,
      "3": 31.183673469387756,
      "4": 37.55,
      "5": 30.903225806451612,
      "6": 39.96,
      "7": 40.38095238095238,
      "8": 28.333333333333332,
      "9": 28.6
    }
  },
  "run_dir": "/Users/andrew/Development/antfarm/experiments/experiment-6/outward-bias-with-local-field-v1/runs/run-1777310963689"
}
