{
  "experiment_dir": "/Users/andrew/Development/antfarm/experiments/experiment-4",
  "metrics": {
    "delivered_food": 32.0,
    "delivered_food_per_day": 0.9696969696969697,
    "final_day": 33.0,
    "final_tick": 3297.0,
    "found_food": 32.0,
    "selected_move_count": 17669.0,
    "simulation_length": 1613.0,
    "steps_to_nth_food": {
      "1": 79.4,
      "10": 19.0,
      "11": 43.0,
      "12": 33.0,
      "2": 56.25,
      "3": 33.0,
      "4": 175.0,
      "5": 73.0,
      "6": 18.666666666666668,
      "7": 22.5,
      "8": 45.0,
      "9": 11.0
    },
    "steps_to_nth_queen": {
      "1": 23.4,
      "10": 12.0,
      "11": 19.0,
      "12": 12.0,
      "2": 38.75,
      "3": 21.0,
      "4": 79.0,
      "5": 63.0,
      "6": 14.0,
      "7": 20.5,
      "8": 41.5,
      "9": 10.0
    }
  },
  "run_dir": "/Users/andrew/Development/antfarm/experiments/experiment-4/outward-bias-with-local-field-v1/runs/run-1777128183183"
}
