{
  "experiment_dir": "/Users/andrew/Development/antfarm/experiments/experiment-5",
  "metrics": {
    "delivered_food": 80.0,
    "delivered_food_per_day": 1.6666666666666667,
    "final_day": 48.0,
    "final_tick": 4782.0,
    "found_food": 85.0,
    "selected_move_count": 34335.0,
    "simulation_length": 3098.0,
    "steps_to_nth_food": {
      "1": 96.02941176470588,
      "2": 81.35,
      "3": 118.125,
      "4": 127.28571428571429,
      "5": 72.33333333333333,
      "6": 53.5,
      "7": 56.5,
      "8": 19.0
    },
    "steps_to_nth_queen": {
      "1": 52.903225806451616,
      "2": 37.65,
      "3": 31.333333333333332,
      "4": 28.5,
      "5": 54.0,
      "6": 26.0,
      "7": 30.5,
      "8": 21.0
    }
  },
  "run_dir": "/Users/andrew/Development/antfarm/experiments/experiment-5/outward-bias-v1/runs/run-1777222093632"
}
