{
  "experiment_dir": "/Users/andrew/Development/antfarm/experiments/experiment-7",
  "metrics": {
    "delivered_food": 264.0,
    "delivered_food_per_day": 3.3,
    "final_day": 80.0,
    "final_tick": 7900.0,
    "found_food": 286.0,
    "selected_move_count": 87281.0,
    "simulation_length": 6216.0,
    "steps_to_nth_food": {
      "1": 140.3658536585366,
      "10": 90.28571428571429,
      "11": 42.8,
      "12": 43.4,
      "13": 37.25,
      "14": 148.33333333333334,
      "15": 153.0,
      "16": 120.0,
      "2": 60.01851851851852,
      "3": 64.02857142857142,
      "4": 38.0,
      "5": 49.85,
      "6": 46.1764705882353,
      "7": 56.916666666666664,
      "8": 42.4,
      "9": 50.714285714285715
    },
    "steps_to_nth_queen": {
      "1": 56.891891891891895,
      "10": 31.333333333333332,
      "11": 34.6,
      "12": 40.8,
      "13": 23.75,
      "14": 130.66666666666666,
      "15": 34.0,
      "16": 35.0,
      "2": 44.02040816326531,
      "3": 37.25806451612903,
      "4": 35.04545454545455,
      "5": 40.111111111111114,
      "6": 56.25,
      "7": 26.0,
      "8": 30.9,
      "9": 33.0
    }
  },
  "run_dir": "/Users/andrew/Development/antfarm/experiments/experiment-7/plant-growth-frequency__plant_growth_frequency=0.001/runs/run-1777322193733"
}
