{
  "experiment_dir": "/Users/andrew/Development/antfarm/experiments/experiment-6",
  "metrics": {
    "delivered_food": 1656.0,
    "delivered_food_per_day": 20.7,
    "final_day": 80.0,
    "final_tick": 7900.0,
    "found_food": 1722.0,
    "selected_move_count": 111588.0,
    "simulation_length": 6216.0,
    "steps_to_nth_food": {
      "1": 120.6989247311828,
      "10": 36.264150943396224,
      "11": 2.2745098039215685,
      "12": 1.8571428571428572,
      "13": 38.37777777777778,
      "14": 5.488888888888889,
      "15": 6.111111111111111,
      "16": 39.30769230769231,
      "17": 6.578947368421052,
      "18": 5.294117647058823,
      "19": 25.75862068965517,
      "2": 0.18478260869565216,
      "20": 4.535714285714286,
      "21": 8.321428571428571,
      "22": 20.296296296296298,
      "23": 6.846153846153846,
      "24": 16.76,
      "25": 34.55,
      "26": 10.368421052631579,
      "27": 24.736842105263158,
      "28": 16.4375,
      "29": 8.4375,
      "3": 1.2065217391304348,
      "30": 29.0,
      "31": 29.4,
      "32": 11.933333333333334,
      "33": 11.0,
      "34": 17.615384615384617,
      "35": 3.6666666666666665,
      "36": 4.363636363636363,
      "37": 55.7,
      "38": 1.1,
      "39": 19.3,
      "4": 35.98550724637681,
      "40": 17.7,
      "41": 1.6,
      "42": 24.1,
      "43": 3.9,
      "44": 3.0,
      "45": 33.44444444444444,
      "46": 6.222222222222222,
      "47": 2.111111111111111,
      "48": 21.75,
      "49": 1.625,
      "5": 1.0,
      "50": 1.0,
      "51": 21.0,
      "52": 6.0,
      "53": 1.125,
      "54": 15.375,
      "55": 6.875,
      "56": 0.0,
      "57": 28.125,
      "58": 8.25,
      "59": 0.0,
      "6": 6.0,
      "60": 31.142857142857142,
      "61": 12.857142857142858,
      "62": 0.0,
      "63": 33.0,
      "64": 10.5,
      "65": 0.0,
      "66": 12.4,
      "67": 16.6,
      "68": 0.0,
      "69": 5.25,
      "7": 36.43333333333333,
      "70": 24.75,
      "71": 0.0,
      "72": 16.0,
      "73": 23.0,
      "74": 0.0,
      "75": 22.5,
      "76": 21.5,
      "77": 0.0,
      "78": 14.5,
      "79": 5.5,
      "8": 2.305084745762712,
      "80": 0.0,
      "81": 14.0,
      "82": 7.0,
      "83": 0.0,
      "84": 13.0,
      "85": 21.0,
      "86": 0.0,
      "87": 16.0,
      "88": 25.5,
      "89": 0.0,
      "9": 2.9473684210526314,
      "90": 12.0,
      "91": 21.5,
      "92": 0.0,
      "93": 12.5,
      "94": 0.0,
      "95": 0.0,
      "96": 25.0,
      "97": 0.0,
      "98": 0.0
    },
    "steps_to_nth_queen": {
      "1": 36.10344827586207,
      "10": 41.666666666666664,
      "11": 37.285714285714285,
      "12": 36.42857142857143,
      "13": 55.916666666666664,
      "14": 37.54545454545455,
      "15": 42.0,
      "16": 35.77777777777778,
      "17": 48.333333333333336,
      "18": 44.666666666666664,
      "19": 19.375,
      "2": 32.223880597014926,
      "20": 24.25,
      "21": 41.625,
      "22": 38.0,
      "23": 26.8,
      "24": 34.25,
      "25": 14.666666666666666,
      "26": 43.666666666666664,
      "27": 42.5,
      "28": 19.5,
      "29": 19.0,
      "3": 33.355932203389834,
      "30": 34.5,
      "31": 39.0,
      "32": 16.0,
      "33": 21.0,
      "34": 23.0,
      "4": 33.82,
      "5": 40.04545454545455,
      "6": 44.0,
      "7": 29.96551724137931,
      "8": 31.37037037037037,
      "9": 39.421052631578945
    }
  },
  "run_dir": "/Users/andrew/Development/antfarm/experiments/experiment-6/outward-bias-with-local-field-v1/runs/run-1777306622938"
}
