{
  "experiment_dir": "/Users/andrew/Development/antfarm/experiments/experiment-4",
  "metrics": {
    "delivered_food": 85.0,
    "delivered_food_per_day": 1.8888888888888888,
    "final_day": 45.0,
    "final_tick": 4439.0,
    "found_food": 93.0,
    "selected_move_count": 34511.0,
    "simulation_length": 2755.0,
    "steps_to_nth_food": {
      "1": 95.26470588235294,
      "10": 91.0,
      "11": 44.0,
      "12": 64.0,
      "13": 51.0,
      "14": 61.0,
      "15": 82.0,
      "16": 36.0,
      "17": 56.0,
      "2": 78.15789473684211,
      "3": 50.45454545454545,
      "4": 47.625,
      "5": 23.5,
      "6": 41.0,
      "7": 41.0,
      "8": 284.5,
      "9": 37.0
    },
    "steps_to_nth_queen": {
      "1": 66.38709677419355,
      "10": 79.0,
      "11": 24.0,
      "12": 28.0,
      "13": 25.0,
      "14": 27.0,
      "15": 28.0,
      "16": 22.0,
      "17": 28.0,
      "2": 55.11764705882353,
      "3": 31.4,
      "4": 26.428571428571427,
      "5": 19.25,
      "6": 39.0,
      "7": 22.0,
      "8": 17.0,
      "9": 27.0
    }
  },
  "run_dir": "/Users/andrew/Development/antfarm/experiments/experiment-4/outward-bias-v1/runs/run-1777128390556"
}
