{
  "experiment_dir": "/Users/andrew/Development/antfarm/experiments/experiment-6",
  "metrics": {
    "delivered_food": 2636.0,
    "delivered_food_per_day": 26.36,
    "final_day": 100.0,
    "final_tick": 9900.0,
    "found_food": 2681.0,
    "selected_move_count": 246220.0,
    "simulation_length": 8216.0,
    "steps_to_nth_food": {
      "1": 96.9758064516129,
      "10": 38.103896103896105,
      "11": 50.8,
      "12": 46.166666666666664,
      "13": 42.267605633802816,
      "14": 38.10606060606061,
      "15": 35.246153846153845,
      "16": 39.12903225806452,
      "17": 36.868852459016395,
      "18": 36.075471698113205,
      "19": 35.54,
      "2": 35.529411764705884,
      "20": 41.265306122448976,
      "21": 37.791666666666664,
      "22": 35.57446808510638,
      "23": 34.58695652173913,
      "24": 40.88636363636363,
      "25": 36.390243902439025,
      "26": 38.205128205128204,
      "27": 39.794871794871796,
      "28": 49.4054054054054,
      "29": 38.5945945945946,
      "3": 36.174311926605505,
      "30": 42.32432432432432,
      "31": 37.45945945945946,
      "32": 42.588235294117645,
      "33": 37.029411764705884,
      "34": 38.515151515151516,
      "35": 42.0,
      "36": 37.93333333333333,
      "37": 35.592592592592595,
      "38": 36.30769230769231,
      "39": 36.26086956521739,
      "4": 34.490566037735846,
      "40": 32.61904761904762,
      "41": 36.25,
      "42": 39.05,
      "43": 33.15,
      "44": 38.35,
      "45": 39.26315789473684,
      "46": 41.0,
      "47": 42.78947368421053,
      "48": 39.26315789473684,
      "49": 49.8421052631579,
      "5": 37.677083333333336,
      "50": 35.55555555555556,
      "51": 32.470588235294116,
      "52": 43.9375,
      "53": 40.666666666666664,
      "54": 44.06666666666667,
      "55": 40.25,
      "56": 40.72727272727273,
      "57": 36.9,
      "58": 27.375,
      "59": 39.5,
      "6": 38.03448275862069,
      "60": 41.857142857142854,
      "61": 35.714285714285715,
      "62": 34.57142857142857,
      "63": 42.57142857142857,
      "64": 33.57142857142857,
      "65": 46.142857142857146,
      "66": 32.2,
      "67": 50.0,
      "68": 48.8,
      "69": 41.0,
      "7": 37.23809523809524,
      "70": 38.25,
      "71": 33.0,
      "72": 29.0,
      "73": 60.0,
      "74": 67.0,
      "75": 29.0,
      "76": 24.0,
      "77": 55.0,
      "78": 57.0,
      "79": 13.0,
      "8": 43.97560975609756,
      "80": 65.0,
      "81": 48.0,
      "82": 50.0,
      "9": 39.84615384615385
    },
    "steps_to_nth_queen": {
      "1": 26.84552845528455,
      "10": 31.155844155844157,
      "11": 35.2972972972973,
      "12": 34.15277777777778,
      "13": 33.642857142857146,
      "14": 38.36363636363637,
      "15": 41.738461538461536,
      "16": 38.0,
      "17": 36.52542372881356,
      "18": 34.46153846153846,
      "19": 36.22,
      "2": 26.05263157894737,
      "20": 36.104166666666664,
      "21": 37.6875,
      "22": 49.4468085106383,
      "23": 35.2,
      "24": 40.1219512195122,
      "25": 36.775,
      "26": 38.205128205128204,
      "27": 36.43589743589744,
      "28": 38.62162162162162,
      "29": 40.972972972972975,
      "3": 32.21296296296296,
      "30": 37.108108108108105,
      "31": 38.6764705882353,
      "32": 44.8235294117647,
      "33": 38.0,
      "34": 39.5,
      "35": 42.6875,
      "36": 40.857142857142854,
      "37": 36.55555555555556,
      "38": 43.0,
      "39": 36.18181818181818,
      "4": 27.533980582524272,
      "40": 41.65,
      "41": 38.95,
      "42": 41.05,
      "43": 36.85,
      "44": 42.526315789473685,
      "45": 41.8421052631579,
      "46": 45.421052631578945,
      "47": 45.473684210526315,
      "48": 41.473684210526315,
      "49": 46.1578947368421,
      "5": 30.851063829787233,
      "50": 38.294117647058826,
      "51": 35.94117647058823,
      "52": 48.3125,
      "53": 47.13333333333333,
      "54": 44.214285714285715,
      "55": 44.27272727272727,
      "56": 42.90909090909091,
      "57": 38.5,
      "58": 32.5,
      "59": 39.57142857142857,
      "6": 29.735632183908045,
      "60": 46.57142857142857,
      "61": 36.57142857142857,
      "62": 37.0,
      "63": 46.0,
      "64": 35.57142857142857,
      "65": 54.6,
      "66": 34.2,
      "67": 57.4,
      "68": 52.8,
      "69": 35.75,
      "7": 33.11904761904762,
      "70": 33.0,
      "71": 35.0,
      "72": 25.0,
      "73": 58.0,
      "74": 71.0,
      "75": 25.0,
      "76": 28.0,
      "77": 73.0,
      "78": 75.0,
      "79": 19.0,
      "8": 31.658536585365855,
      "80": 69.0,
      "81": 54.0,
      "9": 33.243589743589745
    }
  },
  "run_dir": "/Users/andrew/Development/antfarm/experiments/experiment-6/outward-bias-v1/runs/run-1777294679473"
}
