{
  "experiment_dir": "/Users/andrew/Development/antfarm/experiments/experiment-6",
  "metrics": {
    "delivered_food": 1311.0,
    "delivered_food_per_day": 16.3875,
    "final_day": 80.0,
    "final_tick": 7900.0,
    "found_food": 1350.0,
    "selected_move_count": 127587.0,
    "simulation_length": 6216.0,
    "steps_to_nth_food": {
      "1": 63.51685393258427,
      "10": 30.264150943396228,
      "11": 25.886363636363637,
      "12": 35.88636363636363,
      "13": 38.75,
      "14": 36.21621621621622,
      "15": 34.666666666666664,
      "16": 38.86666666666667,
      "17": 30.366666666666667,
      "18": 27.433333333333334,
      "19": 45.41379310344828,
      "2": 30.17241379310345,
      "20": 35.5,
      "21": 32.69230769230769,
      "22": 32.15384615384615,
      "23": 41.958333333333336,
      "24": 36.095238095238095,
      "25": 25.105263157894736,
      "26": 34.875,
      "27": 31.933333333333334,
      "28": 29.928571428571427,
      "29": 36.42857142857143,
      "3": 32.225,
      "30": 30.615384615384617,
      "31": 30.615384615384617,
      "32": 35.09090909090909,
      "33": 29.545454545454547,
      "34": 20.9,
      "35": 27.4,
      "36": 41.5,
      "37": 31.25,
      "38": 28.166666666666668,
      "39": 31.833333333333332,
      "4": 28.19178082191781,
      "40": 34.0,
      "41": 16.0,
      "42": 28.75,
      "43": 18.5,
      "44": 30.0,
      "45": 34.75,
      "46": 14.25,
      "47": 27.0,
      "48": 35.5,
      "49": 38.5,
      "5": 31.98507462686567,
      "50": 27.5,
      "51": 32.5,
      "52": 30.0,
      "53": 33.0,
      "54": 40.0,
      "55": 37.0,
      "6": 28.26153846153846,
      "7": 30.857142857142858,
      "8": 34.440677966101696,
      "9": 28.454545454545453
    },
    "steps_to_nth_queen": {
      "1": 29.56179775280899,
      "10": 24.0,
      "11": 22.818181818181817,
      "12": 36.45238095238095,
      "13": 32.475,
      "14": 38.6,
      "15": 25.757575757575758,
      "16": 30.633333333333333,
      "17": 25.0,
      "18": 25.82758620689655,
      "19": 31.551724137931036,
      "2": 25.761904761904763,
      "20": 24.615384615384617,
      "21": 26.46153846153846,
      "22": 31.615384615384617,
      "23": 32.69565217391305,
      "24": 26.789473684210527,
      "25": 18.058823529411764,
      "26": 27.066666666666666,
      "27": 48.285714285714285,
      "28": 44.57142857142857,
      "29": 26.0,
      "3": 26.272727272727273,
      "30": 39.69230769230769,
      "31": 30.833333333333332,
      "32": 31.0,
      "33": 25.4,
      "34": 21.6,
      "35": 23.125,
      "36": 32.125,
      "37": 30.428571428571427,
      "38": 27.0,
      "39": 37.4,
      "4": 23.485714285714284,
      "40": 30.5,
      "41": 18.0,
      "42": 29.75,
      "43": 20.0,
      "44": 29.5,
      "45": 42.0,
      "46": 18.25,
      "47": 24.333333333333332,
      "48": 35.5,
      "49": 23.5,
      "5": 28.149253731343283,
      "50": 24.5,
      "51": 21.0,
      "52": 32.0,
      "53": 35.0,
      "54": 37.0,
      "55": 47.0,
      "6": 20.646153846153847,
      "7": 25.22222222222222,
      "8": 25.43859649122807,
      "9": 21.81132075471698
    }
  },
  "run_dir": "/Users/andrew/Development/antfarm/experiments/experiment-6/outward-bias-v1/runs/run-1777301664334"
}
