{
  "experiment_dir": "/Users/andrew/Development/antfarm/experiments/experiment-6",
  "metrics": {
    "delivered_food": 2018.0,
    "delivered_food_per_day": 25.225,
    "final_day": 80.0,
    "final_tick": 7900.0,
    "found_food": 2082.0,
    "selected_move_count": 123346.0,
    "simulation_length": 6216.0,
    "steps_to_nth_food": {
      "1": 137.35555555555555,
      "10": 34.48275862068966,
      "11": 3.293103448275862,
      "12": 6.339285714285714,
      "13": 33.19230769230769,
      "14": 3.980769230769231,
      "15": 9.938775510204081,
      "16": 30.38095238095238,
      "17": 6.476190476190476,
      "18": 11.731707317073171,
      "19": 27.47222222222222,
      "2": 0.4222222222222222,
      "20": 9.75,
      "21": 8.333333333333334,
      "22": 22.1,
      "23": 21.233333333333334,
      "24": 9.5,
      "25": 21.714285714285715,
      "26": 11.296296296296296,
      "27": 14.153846153846153,
      "28": 33.46153846153846,
      "29": 8.807692307692308,
      "3": 0.9777777777777777,
      "30": 11.461538461538462,
      "31": 26.545454545454547,
      "32": 9.863636363636363,
      "33": 7.333333333333333,
      "34": 22.75,
      "35": 11.55,
      "36": 11.894736842105264,
      "37": 26.210526315789473,
      "38": 11.947368421052632,
      "39": 25.263157894736842,
      "4": 41.95,
      "40": 25.5,
      "41": 6.166666666666667,
      "42": 8.411764705882353,
      "43": 45.25,
      "44": 12.6,
      "45": 7.733333333333333,
      "46": 23.5,
      "47": 12.714285714285714,
      "48": 6.923076923076923,
      "49": 16.75,
      "5": 2.4556962025316458,
      "50": 14.272727272727273,
      "51": 6.181818181818182,
      "52": 23.363636363636363,
      "53": 13.181818181818182,
      "54": 18.363636363636363,
      "55": 24.90909090909091,
      "56": 8.272727272727273,
      "57": 19.272727272727273,
      "58": 23.2,
      "59": 6.2,
      "6": 3.7012987012987013,
      "60": 19.9,
      "61": 21.7,
      "62": 1.4444444444444444,
      "63": 13.0,
      "64": 26.857142857142858,
      "65": 4.714285714285714,
      "66": 4.833333333333333,
      "67": 21.0,
      "68": 19.0,
      "69": 0.0,
      "7": 35.82608695652174,
      "70": 17.75,
      "71": 13.0,
      "72": 13.0,
      "73": 40.0,
      "74": 18.333333333333332,
      "75": 20.0,
      "76": 0.0,
      "77": 24.0,
      "78": 17.0,
      "79": 0.0,
      "8": 1.3088235294117647,
      "80": 21.5,
      "81": 17.0,
      "82": 0.0,
      "83": 12.5,
      "84": 20.0,
      "85": 0.0,
      "86": 19.0,
      "87": 125.5,
      "88": 0.0,
      "89": 25.0,
      "9": 5.2272727272727275,
      "90": 23.5,
      "91": 0.0,
      "92": 51.0,
      "93": 0.0,
      "94": 448.0,
      "95": 0.0,
      "96": 0.0
    },
    "steps_to_nth_queen": {
      "1": 31.045454545454547,
      "10": 51.04,
      "11": 39.09090909090909,
      "12": 48.45,
      "13": 56.55555555555556,
      "14": 41.05882352941177,
      "15": 34.294117647058826,
      "16": 37.0,
      "17": 33.76923076923077,
      "18": 36.0,
      "19": 38.45454545454545,
      "2": 37.4625,
      "20": 38.90909090909091,
      "21": 40.5,
      "22": 65.66666666666667,
      "23": 35.625,
      "24": 35.2,
      "25": 25.333333333333332,
      "26": 32.666666666666664,
      "27": 27.5,
      "28": 46.5,
      "29": 38.5,
      "3": 39.53731343283582,
      "30": 19.5,
      "31": 42.5,
      "32": 34.0,
      "33": 45.0,
      "34": 67.0,
      "35": 33.0,
      "36": 32.0,
      "4": 42.64912280701754,
      "5": 58.458333333333336,
      "6": 44.04651162790697,
      "7": 44.72727272727273,
      "8": 58.93103448275862,
      "9": 37.0
    }
  },
  "run_dir": "/Users/andrew/Development/antfarm/experiments/experiment-6/outward-bias-with-local-field-v1/runs/run-1777305935854"
}
