{
  "experiment_dir": "/Users/andrew/Development/antfarm/experiments/experiment-6",
  "metrics": {
    "delivered_food": 2235.0,
    "delivered_food_per_day": 22.35,
    "final_day": 100.0,
    "final_tick": 9900.0,
    "found_food": 2277.0,
    "selected_move_count": 204253.0,
    "simulation_length": 8216.0,
    "steps_to_nth_food": {
      "1": 107.2991452991453,
      "10": 33.86363636363637,
      "100": 21.0,
      "101": 38.0,
      "11": 38.9375,
      "12": 37.8,
      "13": 35.714285714285715,
      "14": 38.54545454545455,
      "15": 40.611111111111114,
      "16": 39.81132075471698,
      "17": 36.13725490196079,
      "18": 33.0625,
      "19": 28.6875,
      "2": 57.07843137254902,
      "20": 40.875,
      "21": 35.27272727272727,
      "22": 45.92857142857143,
      "23": 33.85,
      "24": 36.12820512820513,
      "25": 25.135135135135137,
      "26": 36.69444444444444,
      "27": 29.647058823529413,
      "28": 32.35294117647059,
      "29": 36.05882352941177,
      "3": 35.61290322580645,
      "30": 30.129032258064516,
      "31": 37.96666666666667,
      "32": 28.3,
      "33": 35.642857142857146,
      "34": 35.8,
      "35": 39.4,
      "36": 34.21739130434783,
      "37": 30.6,
      "38": 33.473684210526315,
      "39": 33.36842105263158,
      "4": 28.337078651685392,
      "40": 29.526315789473685,
      "41": 32.0,
      "42": 32.294117647058826,
      "43": 31.066666666666666,
      "44": 36.06666666666667,
      "45": 35.666666666666664,
      "46": 28.357142857142858,
      "47": 27.142857142857142,
      "48": 30.0,
      "49": 30.90909090909091,
      "5": 33.6219512195122,
      "50": 28.90909090909091,
      "51": 31.727272727272727,
      "52": 28.09090909090909,
      "53": 78.8,
      "54": 43.875,
      "55": 23.8,
      "56": 36.2,
      "57": 33.5,
      "58": 26.0,
      "59": 30.75,
      "6": 45.822784810126585,
      "60": 43.75,
      "61": 34.25,
      "62": 28.5,
      "63": 35.0,
      "64": 15.333333333333334,
      "65": 20.333333333333332,
      "66": 15.333333333333334,
      "67": 25.666666666666668,
      "68": 15.0,
      "69": 16.333333333333332,
      "7": 42.36842105263158,
      "70": 19.0,
      "71": 33.0,
      "72": 27.5,
      "73": 21.0,
      "74": 15.5,
      "75": 21.5,
      "76": 22.0,
      "77": 19.0,
      "78": 23.0,
      "79": 33.0,
      "8": 35.44444444444444,
      "80": 30.5,
      "81": 15.5,
      "82": 32.5,
      "83": 12.0,
      "84": 21.0,
      "85": 34.0,
      "86": 63.0,
      "87": 0.0,
      "88": 36.0,
      "89": 4.0,
      "9": 40.78260869565217,
      "90": 58.0,
      "91": 19.0,
      "92": 70.0,
      "93": 54.0,
      "94": 56.0,
      "95": 34.0,
      "96": 49.0,
      "97": 16.0,
      "98": 11.0,
      "99": 44.0
    },
    "steps_to_nth_queen": {
      "1": 24.104347826086958,
      "10": 29.575757575757574,
      "100": 21.0,
      "101": 41.0,
      "11": 33.03174603174603,
      "12": 31.54385964912281,
      "13": 30.160714285714285,
      "14": 31.6,
      "15": 33.58490566037736,
      "16": 33.37735849056604,
      "17": 30.520833333333332,
      "18": 39.3125,
      "19": 28.520833333333332,
      "2": 28.306122448979593,
      "20": 32.19565217391305,
      "21": 31.357142857142858,
      "22": 34.707317073170735,
      "23": 31.564102564102566,
      "24": 34.76923076923077,
      "25": 24.91891891891892,
      "26": 31.75,
      "27": 31.352941176470587,
      "28": 31.352941176470587,
      "29": 34.61764705882353,
      "3": 24.255555555555556,
      "30": 32.354838709677416,
      "31": 30.2,
      "32": 29.1,
      "33": 33.148148148148145,
      "34": 37.64,
      "35": 41.375,
      "36": 32.68181818181818,
      "37": 31.45,
      "38": 34.05263157894737,
      "39": 30.736842105263158,
      "4": 22.556818181818183,
      "40": 31.055555555555557,
      "41": 33.05882352941177,
      "42": 28.733333333333334,
      "43": 32.333333333333336,
      "44": 35.266666666666666,
      "45": 32.13333333333333,
      "46": 30.928571428571427,
      "47": 27.928571428571427,
      "48": 35.0,
      "49": 32.81818181818182,
      "5": 26.049382716049383,
      "50": 30.545454545454547,
      "51": 33.81818181818182,
      "52": 28.363636363636363,
      "53": 29.625,
      "54": 37.166666666666664,
      "55": 27.2,
      "56": 30.0,
      "57": 34.0,
      "58": 23.5,
      "59": 34.75,
      "6": 31.40506329113924,
      "60": 43.75,
      "61": 34.75,
      "62": 25.5,
      "63": 41.0,
      "64": 16.0,
      "65": 22.333333333333332,
      "66": 18.0,
      "67": 21.0,
      "68": 17.666666666666668,
      "69": 19.666666666666668,
      "7": 35.67567567567568,
      "70": 23.0,
      "71": 41.5,
      "72": 28.5,
      "73": 18.0,
      "74": 16.5,
      "75": 24.5,
      "76": 22.0,
      "77": 22.0,
      "78": 25.0,
      "79": 34.0,
      "8": 31.380281690140844,
      "80": 32.0,
      "81": 20.0,
      "82": 35.5,
      "83": 15.0,
      "84": 31.5,
      "85": 38.0,
      "86": 65.0,
      "87": 2.0,
      "88": 26.0,
      "89": 6.0,
      "9": 30.029850746268657,
      "90": 58.0,
      "91": 19.0,
      "92": 69.0,
      "93": 64.0,
      "94": 64.0,
      "95": 36.0,
      "96": 61.0,
      "97": 18.0,
      "98": 19.0,
      "99": 48.0
    }
  },
  "run_dir": "/Users/andrew/Development/antfarm/experiments/experiment-6/outward-bias-v1/runs/run-1777295127382"
}
