{
  "experiment_dir": "/Users/andrew/Development/antfarm/experiments/experiment-6",
  "metrics": {
    "delivered_food": 1482.0,
    "delivered_food_per_day": 18.525,
    "final_day": 80.0,
    "final_tick": 7900.0,
    "found_food": 1507.0,
    "selected_move_count": 132243.0,
    "simulation_length": 6216.0,
    "steps_to_nth_food": {
      "1": 104.20618556701031,
      "10": 33.63636363636363,
      "11": 31.851063829787233,
      "12": 29.29268292682927,
      "13": 50.578947368421055,
      "14": 29.194444444444443,
      "15": 38.03125,
      "16": 45.93103448275862,
      "17": 25.73076923076923,
      "18": 24.73076923076923,
      "19": 21.423076923076923,
      "2": 25.149425287356323,
      "20": 25.423076923076923,
      "21": 22.24,
      "22": 30.347826086956523,
      "23": 28.304347826086957,
      "24": 26.08695652173913,
      "25": 49.31818181818182,
      "26": 24.5,
      "27": 30.176470588235293,
      "28": 22.58823529411765,
      "29": 23.625,
      "3": 26.879518072289155,
      "30": 19.125,
      "31": 24.2,
      "32": 27.7,
      "33": 32.4,
      "34": 36.0,
      "35": 26.6,
      "36": 24.444444444444443,
      "37": 15.666666666666666,
      "38": 15.11111111111111,
      "39": 29.77777777777778,
      "4": 31.884615384615383,
      "40": 23.22222222222222,
      "41": 53.111111111111114,
      "42": 37.0,
      "43": 30.333333333333332,
      "44": 22.75,
      "45": 35.57142857142857,
      "46": 22.571428571428573,
      "47": 26.142857142857142,
      "48": 33.5,
      "49": 29.4,
      "5": 32.554054054054056,
      "50": 31.2,
      "51": 11.8,
      "52": 21.25,
      "53": 23.0,
      "54": 17.0,
      "55": 20.5,
      "56": 26.0,
      "57": 39.5,
      "58": 11.5,
      "59": 28.0,
      "6": 39.2,
      "60": 21.5,
      "61": 27.0,
      "62": 17.5,
      "63": 30.5,
      "64": 14.5,
      "65": 32.0,
      "66": 25.5,
      "67": 34.0,
      "68": 29.5,
      "69": 23.0,
      "7": 39.696969696969695,
      "70": 17.0,
      "71": 26.0,
      "72": 12.0,
      "73": 43.5,
      "74": 19.0,
      "75": 32.0,
      "76": 36.0,
      "77": 23.0,
      "78": 72.5,
      "79": 19.0,
      "8": 30.612903225806452,
      "80": 15.0,
      "81": 18.0,
      "82": 34.0,
      "83": 31.0,
      "84": 31.0,
      "85": 24.0,
      "86": 10.0,
      "87": 35.0,
      "88": 49.0,
      "89": 42.0,
      "9": 29.2,
      "90": 12.0,
      "91": 50.0,
      "92": 28.0,
      "93": 7.0
    },
    "steps_to_nth_queen": {
      "1": 24.09375,
      "10": 35.16981132075472,
      "11": 32.111111111111114,
      "12": 24.804878048780488,
      "13": 29.657894736842106,
      "14": 26.542857142857144,
      "15": 29.967741935483872,
      "16": 23.642857142857142,
      "17": 27.0,
      "18": 21.615384615384617,
      "19": 22.115384615384617,
      "2": 21.95294117647059,
      "20": 25.307692307692307,
      "21": 20.956521739130434,
      "22": 24.956521739130434,
      "23": 28.17391304347826,
      "24": 24.73913043478261,
      "25": 27.38095238095238,
      "26": 23.789473684210527,
      "27": 29.294117647058822,
      "28": 21.8125,
      "29": 26.8125,
      "3": 26.134146341463413,
      "30": 38.75,
      "31": 21.923076923076923,
      "32": 27.4,
      "33": 32.2,
      "34": 40.7,
      "35": 25.88888888888889,
      "36": 25.333333333333332,
      "37": 17.22222222222222,
      "38": 18.22222222222222,
      "39": 27.444444444444443,
      "4": 29.276315789473685,
      "40": 25.0,
      "41": 28.666666666666668,
      "42": 31.666666666666668,
      "43": 28.77777777777778,
      "44": 25.25,
      "45": 34.42857142857143,
      "46": 23.571428571428573,
      "47": 26.571428571428573,
      "48": 29.6,
      "49": 31.4,
      "5": 26.04054054054054,
      "50": 33.4,
      "51": 7.0,
      "52": 22.25,
      "53": 18.0,
      "54": 16.0,
      "55": 21.5,
      "56": 22.0,
      "57": 41.5,
      "58": 16.0,
      "59": 25.0,
      "6": 26.357142857142858,
      "60": 19.5,
      "61": 28.0,
      "62": 18.5,
      "63": 27.5,
      "64": 16.5,
      "65": 29.0,
      "66": 23.5,
      "67": 37.0,
      "68": 19.5,
      "69": 27.0,
      "7": 30.215384615384615,
      "70": 15.0,
      "71": 24.0,
      "72": 13.0,
      "73": 53.5,
      "74": 22.0,
      "75": 33.0,
      "76": 32.0,
      "77": 25.0,
      "78": 59.5,
      "79": 20.0,
      "8": 30.6,
      "80": 18.0,
      "81": 19.0,
      "82": 30.0,
      "83": 31.0,
      "84": 34.0,
      "85": 28.0,
      "86": 10.0,
      "87": 43.0,
      "88": 53.0,
      "89": 44.0,
      "9": 28.29090909090909,
      "90": 22.0,
      "91": 44.0,
      "92": 32.0,
      "93": 11.0
    }
  },
  "run_dir": "/Users/andrew/Development/antfarm/experiments/experiment-6/outward-bias-v1/runs/run-1777304110149"
}
