{
  "experiment_dir": "/Users/andrew/Development/antfarm/experiments/experiment-4",
  "metrics": {
    "delivered_food": 65.0,
    "delivered_food_per_day": 1.7567567567567568,
    "final_day": 37.0,
    "final_tick": 3699.0,
    "found_food": 70.0,
    "selected_move_count": 26518.0,
    "simulation_length": 2015.0,
    "steps_to_nth_food": {
      "1": 101.82758620689656,
      "2": 76.5,
      "3": 53.2,
      "4": 33.166666666666664,
      "5": 39.5,
      "6": 192.0,
      "7": 175.0
    },
    "steps_to_nth_queen": {
      "1": 51.16,
      "2": 45.94444444444444,
      "3": 40.7,
      "4": 31.5,
      "5": 44.5,
      "6": 30.0,
      "7": 119.0
    }
  },
  "run_dir": "/Users/andrew/Development/antfarm/experiments/experiment-4/outward-bias-v1/runs/run-1777128596560"
}
