{
  "experiment_dir": "/Users/andrew/Development/antfarm/experiments/experiment-6",
  "metrics": {
    "delivered_food": 1494.0,
    "delivered_food_per_day": 18.675,
    "final_day": 80.0,
    "final_tick": 7900.0,
    "found_food": 1531.0,
    "selected_move_count": 145465.0,
    "simulation_length": 6216.0,
    "steps_to_nth_food": {
      "1": 59.4375,
      "10": 30.0,
      "11": 30.224489795918366,
      "12": 38.7906976744186,
      "13": 33.48780487804878,
      "14": 40.35897435897436,
      "15": 44.55555555555556,
      "16": 35.611111111111114,
      "17": 40.78787878787879,
      "18": 45.65625,
      "19": 38.645161290322584,
      "2": 39.247191011235955,
      "20": 37.464285714285715,
      "21": 31.92,
      "22": 25.36,
      "23": 35.30434782608695,
      "24": 32.75,
      "25": 30.68421052631579,
      "26": 37.22222222222222,
      "27": 30.11764705882353,
      "28": 34.8235294117647,
      "29": 32.625,
      "3": 35.773809523809526,
      "30": 28.6875,
      "31": 37.785714285714285,
      "32": 45.214285714285715,
      "33": 35.92307692307692,
      "34": 30.333333333333332,
      "35": 33.09090909090909,
      "36": 35.81818181818182,
      "37": 30.0,
      "38": 26.8,
      "39": 23.75,
      "4": 35.12987012987013,
      "40": 25.75,
      "41": 26.75,
      "42": 35.75,
      "43": 39.25,
      "44": 30.875,
      "45": 38.333333333333336,
      "46": 24.166666666666668,
      "47": 25.0,
      "48": 32.0,
      "49": 30.4,
      "5": 32.49315068493151,
      "50": 27.8,
      "51": 34.25,
      "52": 35.5,
      "53": 35.0,
      "54": 29.25,
      "55": 27.75,
      "56": 33.333333333333336,
      "57": 27.666666666666668,
      "58": 28.666666666666668,
      "59": 24.666666666666668,
      "6": 45.6,
      "60": 27.333333333333332,
      "61": 29.666666666666668,
      "62": 24.333333333333332,
      "63": 34.333333333333336,
      "64": 26.666666666666668,
      "65": 41.333333333333336,
      "66": 37.0,
      "67": 21.0,
      "68": 23.666666666666668,
      "69": 34.333333333333336,
      "7": 36.85,
      "70": 38.0,
      "71": 15.5,
      "72": 32.0,
      "73": 45.0,
      "74": 42.0,
      "75": 32.5,
      "76": 40.5,
      "77": 20.0,
      "78": 55.0,
      "79": 33.0,
      "8": 33.26315789473684,
      "80": 46.0,
      "81": 51.0,
      "9": 37.01923076923077
    },
    "steps_to_nth_queen": {
      "1": 32.48421052631579,
      "10": 33.0,
      "11": 32.02127659574468,
      "12": 33.13953488372093,
      "13": 30.609756097560975,
      "14": 29.11111111111111,
      "15": 33.22222222222222,
      "16": 30.333333333333332,
      "17": 54.46875,
      "18": 51.65625,
      "19": 46.03333333333333,
      "2": 34.0,
      "20": 51.357142857142854,
      "21": 28.88,
      "22": 24.041666666666668,
      "23": 57.22727272727273,
      "24": 27.05263157894737,
      "25": 28.105263157894736,
      "26": 30.88888888888889,
      "27": 26.705882352941178,
      "28": 27.764705882352942,
      "29": 29.75,
      "3": 34.734939759036145,
      "30": 26.8,
      "31": 31.071428571428573,
      "32": 40.92857142857143,
      "33": 30.75,
      "34": 30.363636363636363,
      "35": 26.454545454545453,
      "36": 30.0,
      "37": 25.9,
      "38": 25.88888888888889,
      "39": 22.125,
      "4": 42.266666666666666,
      "40": 26.375,
      "41": 26.625,
      "42": 32.875,
      "43": 30.625,
      "44": 27.25,
      "45": 66.16666666666667,
      "46": 25.5,
      "47": 25.0,
      "48": 48.2,
      "49": 33.8,
      "5": 25.22222222222222,
      "50": 24.0,
      "51": 32.75,
      "52": 36.25,
      "53": 35.0,
      "54": 30.75,
      "55": 30.0,
      "56": 33.333333333333336,
      "57": 27.666666666666668,
      "58": 26.666666666666668,
      "59": 23.0,
      "6": 28.2,
      "60": 28.333333333333332,
      "61": 27.666666666666668,
      "62": 29.333333333333332,
      "63": 31.0,
      "64": 36.666666666666664,
      "65": 37.333333333333336,
      "66": 41.0,
      "67": 21.666666666666668,
      "68": 26.333333333333332,
      "69": 33.0,
      "7": 30.64406779661017,
      "70": 36.0,
      "71": 18.5,
      "72": 37.0,
      "73": 48.0,
      "74": 47.0,
      "75": 32.5,
      "76": 49.5,
      "77": 24.0,
      "78": 46.0,
      "79": 33.0,
      "8": 29.40740740740741,
      "80": 43.0,
      "81": 76.0,
      "9": 31.76923076923077
    }
  },
  "run_dir": "/Users/andrew/Development/antfarm/experiments/experiment-6/outward-bias-v1/runs/run-1777300741776"
}
