{
  "experiment_dir": "/Users/andrew/Development/antfarm/experiments/experiment-6",
  "metrics": {
    "delivered_food": 1485.0,
    "delivered_food_per_day": 18.5625,
    "final_day": 80.0,
    "final_tick": 7900.0,
    "found_food": 1516.0,
    "selected_move_count": 159078.0,
    "simulation_length": 6216.0,
    "steps_to_nth_food": {
      "1": 84.88,
      "10": 35.87755102040816,
      "11": 32.391304347826086,
      "12": 44.857142857142854,
      "13": 41.609756097560975,
      "14": 46.0,
      "15": 49.567567567567565,
      "16": 40.65714285714286,
      "17": 50.0,
      "18": 39.5,
      "19": 44.06666666666667,
      "2": 37.40860215053763,
      "20": 40.964285714285715,
      "21": 31.555555555555557,
      "22": 42.6,
      "23": 41.90909090909091,
      "24": 42.81818181818182,
      "25": 34.4,
      "26": 40.45,
      "27": 36.21052631578947,
      "28": 44.94736842105263,
      "29": 45.23529411764706,
      "3": 47.842696629213485,
      "30": 48.470588235294116,
      "31": 48.0625,
      "32": 45.5625,
      "33": 39.733333333333334,
      "34": 41.46153846153846,
      "35": 26.5,
      "36": 21.4,
      "37": 38.8,
      "38": 44.1,
      "39": 67.8,
      "4": 44.24096385542169,
      "40": 37.5,
      "41": 24.125,
      "42": 26.875,
      "43": 15.6,
      "44": 28.6,
      "45": 37.2,
      "46": 34.6,
      "47": 26.2,
      "48": 42.0,
      "49": 25.25,
      "5": 43.026666666666664,
      "50": 34.0,
      "51": 42.5,
      "52": 82.75,
      "53": 23.0,
      "54": 31.333333333333332,
      "55": 33.0,
      "56": 42.0,
      "57": 35.0,
      "58": 3.0,
      "59": 12.0,
      "6": 52.371428571428574,
      "60": 20.0,
      "61": 3.0,
      "62": 10.0,
      "63": 6.0,
      "64": 15.0,
      "65": 13.0,
      "66": 13.0,
      "67": 22.0,
      "68": 10.0,
      "69": 9.0,
      "7": 36.23728813559322,
      "70": 12.0,
      "71": 5.0,
      "72": 15.0,
      "73": 14.0,
      "74": 3.0,
      "75": 23.0,
      "8": 36.01754385964912,
      "9": 36.98148148148148
    },
    "steps_to_nth_queen": {
      "1": 33.28125,
      "10": 35.57142857142857,
      "11": 29.0,
      "12": 39.61904761904762,
      "13": 37.4390243902439,
      "14": 40.43589743589744,
      "15": 48.30555555555556,
      "16": 38.02857142857143,
      "17": 41.18181818181818,
      "18": 37.806451612903224,
      "19": 37.4,
      "2": 37.608695652173914,
      "20": 31.814814814814813,
      "21": 28.333333333333332,
      "22": 37.375,
      "23": 40.22727272727273,
      "24": 44.54545454545455,
      "25": 33.9,
      "26": 39.4,
      "27": 34.578947368421055,
      "28": 43.10526315789474,
      "29": 46.05882352941177,
      "3": 35.7906976744186,
      "30": 44.529411764705884,
      "31": 43.5,
      "32": 42.5625,
      "33": 36.214285714285715,
      "34": 45.25,
      "35": 25.25,
      "36": 21.0,
      "37": 43.0,
      "38": 49.3,
      "39": 40.0,
      "4": 49.7125,
      "40": 28.555555555555557,
      "41": 23.0,
      "42": 28.375,
      "43": 15.6,
      "44": 27.8,
      "45": 36.4,
      "46": 36.2,
      "47": 23.0,
      "48": 44.25,
      "49": 28.75,
      "5": 34.80821917808219,
      "50": 35.75,
      "51": 47.5,
      "52": 45.0,
      "53": 20.333333333333332,
      "54": 29.666666666666668,
      "55": 21.5,
      "56": 37.0,
      "57": 16.0,
      "58": 5.0,
      "59": 12.0,
      "6": 36.22727272727273,
      "60": 16.0,
      "61": 5.0,
      "62": 10.0,
      "63": 6.0,
      "64": 13.0,
      "65": 13.0,
      "66": 13.0,
      "67": 20.0,
      "68": 12.0,
      "69": 9.0,
      "7": 35.37931034482759,
      "70": 12.0,
      "71": 7.0,
      "72": 13.0,
      "73": 14.0,
      "74": 5.0,
      "75": 21.0,
      "8": 32.719298245614034,
      "9": 36.907407407407405
    }
  },
  "run_dir": "/Users/andrew/Development/antfarm/experiments/experiment-6/outward-bias-v1/runs/run-1777302816040"
}
