{
  "experiment_dir": "/Users/andrew/Development/antfarm/experiments/experiment-4",
  "metrics": {
    "delivered_food": 127.0,
    "delivered_food_per_day": 2.3518518518518516,
    "final_day": 54.0,
    "final_tick": 5359.0,
    "found_food": 134.0,
    "selected_move_count": 50396.0,
    "simulation_length": 3675.0,
    "steps_to_nth_food": {
      "1": 109.82926829268293,
      "10": 39.0,
      "11": 24.0,
      "12": 70.5,
      "13": 163.0,
      "14": 22.0,
      "15": 29.0,
      "16": 25.0,
      "2": 42.56,
      "3": 46.89473684210526,
      "4": 51.285714285714285,
      "5": 63.3,
      "6": 134.0,
      "7": 78.0,
      "8": 68.33333333333333,
      "9": 159.33333333333334
    },
    "steps_to_nth_queen": {
      "1": 70.28947368421052,
      "10": 54.0,
      "11": 25.0,
      "12": 102.0,
      "13": 79.0,
      "14": 38.0,
      "15": 19.0,
      "16": 24.0,
      "2": 32.96,
      "3": 36.22222222222222,
      "4": 45.285714285714285,
      "5": 52.5,
      "6": 34.333333333333336,
      "7": 36.0,
      "8": 59.333333333333336,
      "9": 84.0
    }
  },
  "run_dir": "/Users/andrew/Development/antfarm/experiments/experiment-4/outward-bias-v1/runs/run-1777128811110"
}
