{
  "experiment_dir": "/Users/andrew/Development/antfarm/experiments/experiment-6",
  "metrics": {
    "delivered_food": 2227.0,
    "delivered_food_per_day": 27.8375,
    "final_day": 80.0,
    "final_tick": 7900.0,
    "found_food": 2314.0,
    "selected_move_count": 149893.0,
    "simulation_length": 6216.0,
    "steps_to_nth_food": {
      "1": 111.64646464646465,
      "10": 50.93846153846154,
      "11": 2.3692307692307693,
      "12": 21.078125,
      "13": 48.714285714285715,
      "14": 9.225806451612904,
      "15": 23.733333333333334,
      "16": 49.964285714285715,
      "17": 5.472727272727273,
      "18": 14.943396226415095,
      "19": 34.1,
      "2": 1.7653061224489797,
      "20": 10.26530612244898,
      "21": 16.26086956521739,
      "22": 32.333333333333336,
      "23": 6.4523809523809526,
      "24": 15.634146341463415,
      "25": 44.421052631578945,
      "26": 9.18421052631579,
      "27": 16.594594594594593,
      "28": 48.484848484848484,
      "29": 12.393939393939394,
      "3": 2.622448979591837,
      "30": 13.666666666666666,
      "31": 36.357142857142854,
      "32": 8.0,
      "33": 11.592592592592593,
      "34": 37.52,
      "35": 5.48,
      "36": 49.75,
      "37": 32.78260869565217,
      "38": 11.363636363636363,
      "39": 23.818181818181817,
      "4": 46.72093023255814,
      "40": 36.9,
      "41": 15.0,
      "42": 19.88235294117647,
      "43": 37.93333333333333,
      "44": 9.615384615384615,
      "45": 27.166666666666668,
      "46": 37.083333333333336,
      "47": 5.166666666666667,
      "48": 32.0,
      "49": 17.818181818181817,
      "5": 4.807228915662651,
      "50": 16.3,
      "51": 36.0,
      "52": 32.666666666666664,
      "53": 4.0,
      "54": 19.25,
      "55": 52.75,
      "56": 0.0,
      "57": 19.875,
      "58": 36.833333333333336,
      "59": 0.0,
      "6": 3.8641975308641974,
      "60": 62.166666666666664,
      "61": 11.5,
      "62": 0.0,
      "63": 59.0,
      "64": 23.8,
      "65": 0.0,
      "66": 112.25,
      "67": 30.0,
      "68": 0.0,
      "69": 24.0,
      "7": 46.794520547945204,
      "70": 28.0,
      "71": 0.0,
      "72": 67.5,
      "73": 0.0,
      "74": 0.0,
      "75": 84.5,
      "76": 0.0,
      "77": 0.0,
      "78": 64.0,
      "79": 0.0,
      "8": 3.2083333333333335,
      "80": 0.0,
      "81": 177.0,
      "82": 0.0,
      "83": 0.0,
      "84": 81.0,
      "85": 0.0,
      "86": 0.0,
      "9": 9.098591549295774
    },
    "steps_to_nth_queen": {
      "1": 45.53763440860215,
      "10": 66.26470588235294,
      "11": 61.92857142857143,
      "12": 53.5,
      "13": 57.18181818181818,
      "14": 53.421052631578945,
      "15": 52.2,
      "16": 54.333333333333336,
      "17": 49.36363636363637,
      "18": 56.333333333333336,
      "19": 48.0,
      "2": 41.2962962962963,
      "20": 45.333333333333336,
      "21": 53.166666666666664,
      "22": 47.833333333333336,
      "23": 86.25,
      "24": 62.333333333333336,
      "25": 41.5,
      "26": 75.5,
      "27": 64.5,
      "28": 31.0,
      "29": 88.0,
      "3": 51.014084507042256,
      "4": 46.59375,
      "5": 46.74193548387097,
      "6": 66.52727272727273,
      "7": 54.416666666666664,
      "8": 61.04545454545455,
      "9": 49.21052631578947
    }
  },
  "run_dir": "/Users/andrew/Development/antfarm/experiments/experiment-6/outward-bias-with-local-field-v1/runs/run-1777308546988"
}
