{
  "experiment_dir": "/Users/andrew/Development/antfarm/experiments/experiment-4",
  "metrics": {
    "delivered_food": 86.0,
    "delivered_food_per_day": 1.7916666666666667,
    "final_day": 48.0,
    "final_tick": 4703.0,
    "found_food": 92.0,
    "selected_move_count": 37617.0,
    "simulation_length": 3019.0,
    "steps_to_nth_food": {
      "1": 96.35483870967742,
      "10": 27.0,
      "11": 24.0,
      "12": 23.0,
      "13": 47.0,
      "14": 38.0,
      "15": 35.0,
      "16": 37.0,
      "17": 67.0,
      "18": 76.0,
      "2": 79.38888888888889,
      "3": 71.1,
      "4": 49.75,
      "5": 101.0,
      "6": 73.2,
      "7": 31.0,
      "8": 80.0,
      "9": 35.0
    },
    "steps_to_nth_queen": {
      "1": 60.857142857142854,
      "10": 25.0,
      "11": 28.0,
      "12": 21.0,
      "13": 28.0,
      "14": 22.0,
      "15": 23.0,
      "16": 29.0,
      "17": 27.0,
      "18": 30.0,
      "2": 41.76470588235294,
      "3": 48.3,
      "4": 36.0,
      "5": 43.833333333333336,
      "6": 23.0,
      "7": 24.0,
      "8": 21.0,
      "9": 20.0
    }
  },
  "run_dir": "/Users/andrew/Development/antfarm/experiments/experiment-4/outward-bias-v1/runs/run-1777128256940"
}
