{
  "experiment_dir": "/Users/andrew/Development/antfarm/experiments/experiment-6",
  "metrics": {
    "delivered_food": 1558.0,
    "delivered_food_per_day": 19.475,
    "final_day": 80.0,
    "final_tick": 7900.0,
    "found_food": 1638.0,
    "selected_move_count": 114390.0,
    "simulation_length": 6216.0,
    "steps_to_nth_food": {
      "1": 147.67415730337078,
      "10": 67.53488372093024,
      "11": 4.093023255813954,
      "12": 8.30232558139535,
      "13": 39.705882352941174,
      "14": 6.088235294117647,
      "15": 13.882352941176471,
      "16": 46.53333333333333,
      "17": 9.620689655172415,
      "18": 12.785714285714286,
      "19": 24.68,
      "2": 0.7640449438202247,
      "20": 11.583333333333334,
      "21": 10.583333333333334,
      "22": 27.565217391304348,
      "23": 12.681818181818182,
      "24": 11.142857142857142,
      "25": 30.3,
      "26": 19.0,
      "27": 18.176470588235293,
      "28": 27.3125,
      "29": 18.5625,
      "3": 1.1136363636363635,
      "30": 3.466666666666667,
      "31": 13.266666666666667,
      "32": 23.6,
      "33": 10.8,
      "34": 12.066666666666666,
      "35": 15.428571428571429,
      "36": 4.214285714285714,
      "37": 19.357142857142858,
      "38": 34.92857142857143,
      "39": 1.7142857142857142,
      "4": 40.911764705882355,
      "40": 21.357142857142858,
      "41": 17.571428571428573,
      "42": 5.285714285714286,
      "43": 16.785714285714285,
      "44": 16.285714285714285,
      "45": 3.7142857142857144,
      "46": 28.818181818181817,
      "47": 12.9,
      "48": 4.5,
      "49": 16.0,
      "5": 4.597014925373134,
      "50": 17.0,
      "51": 11.88888888888889,
      "52": 13.428571428571429,
      "53": 11.0,
      "54": 42.0,
      "55": 19.0,
      "56": 10.0,
      "57": 7.142857142857143,
      "58": 15.714285714285714,
      "59": 61.42857142857143,
      "6": 3.84375,
      "60": 21.166666666666668,
      "61": 17.666666666666668,
      "62": 34.0,
      "63": 17.5,
      "64": 44.166666666666664,
      "65": 21.5,
      "66": 6.166666666666667,
      "67": 25.0,
      "68": 6.6,
      "69": 4.0,
      "7": 35.90909090909091,
      "70": 17.5,
      "71": 2.75,
      "72": 30.25,
      "73": 9.25,
      "74": 10.25,
      "75": 20.25,
      "76": 90.75,
      "77": 4.75,
      "78": 24.25,
      "79": 9.0,
      "8": 5.076923076923077,
      "80": 149.0,
      "81": 28.666666666666668,
      "82": 0.0,
      "83": 0.0,
      "84": 48.0,
      "85": 0.0,
      "86": 0.0,
      "87": 41.5,
      "88": 0.0,
      "89": 0.0,
      "9": 6.215686274509804,
      "90": 16.0,
      "91": 0.0,
      "92": 0.0,
      "93": 62.0,
      "94": 0.0,
      "95": 0.0,
      "96": 69.0,
      "97": 0.0,
      "98": 0.0
    },
    "steps_to_nth_queen": {
      "1": 47.90588235294118,
      "10": 50.8,
      "11": 30.4,
      "12": 41.07142857142857,
      "13": 34.5,
      "14": 31.785714285714285,
      "15": 31.833333333333332,
      "16": 30.636363636363637,
      "17": 32.0,
      "18": 34.375,
      "19": 72.28571428571429,
      "2": 27.651515151515152,
      "20": 30.0,
      "21": 68.66666666666667,
      "22": 33.0,
      "23": 44.0,
      "24": 29.75,
      "25": 29.0,
      "26": 38.0,
      "27": 32.75,
      "28": 37.0,
      "29": 31.0,
      "3": 26.431372549019606,
      "30": 38.0,
      "31": 42.5,
      "32": 18.0,
      "33": 53.0,
      "4": 37.0,
      "5": 40.78787878787879,
      "6": 45.793103448275865,
      "7": 32.791666666666664,
      "8": 43.63636363636363,
      "9": 36.611111111111114
    }
  },
  "run_dir": "/Users/andrew/Development/antfarm/experiments/experiment-6/outward-bias-with-local-field-v1/runs/run-1777311710340"
}
