{
  "experiment_dir": "/Users/andrew/Development/antfarm/experiments/experiment-4",
  "metrics": {
    "delivered_food": 42.0,
    "delivered_food_per_day": 0.8235294117647058,
    "final_day": 51.0,
    "final_tick": 5008.0,
    "found_food": 43.0,
    "selected_move_count": 21180.0,
    "simulation_length": 3324.0,
    "steps_to_nth_food": {
      "1": 330.27272727272725,
      "10": 8.0,
      "11": 24.0,
      "12": 20.0,
      "13": 30.0,
      "14": 27.0,
      "15": 24.0,
      "16": 54.0,
      "17": 157.0,
      "18": 149.0,
      "19": 85.0,
      "2": 71.33333333333333,
      "3": 36.6,
      "4": 63.0,
      "5": 18.5,
      "6": 27.5,
      "7": 18.5,
      "8": 23.0,
      "9": 11.0
    },
    "steps_to_nth_queen": {
      "1": 25.5,
      "10": 10.0,
      "11": 18.0,
      "12": 20.0,
      "13": 25.0,
      "14": 23.0,
      "15": 18.0,
      "16": 18.0,
      "17": 101.0,
      "18": 20.0,
      "19": 202.0,
      "2": 39.666666666666664,
      "3": 32.4,
      "4": 49.0,
      "5": 14.5,
      "6": 19.5,
      "7": 20.5,
      "8": 19.0,
      "9": 9.0
    }
  },
  "run_dir": "/Users/andrew/Development/antfarm/experiments/experiment-4/outward-bias-with-local-field-v1/runs/run-1777129513387"
}
